file_id,cell_line
9633,MCF7
9634,RT4
9635,U-2 OS
9636,RT4
9637,A549
9638,HEK 293
9639,RT4
9640,RT4
9641,MCF7
9642,CACO-2
9643,CACO-2
9644,HEK 293
9645,HEK 293
9646,A549
9647,CACO-2
9648,A549
9649,RT4
9650,CACO-2
9651,CACO-2
9652,RT4
9653,CACO-2
9654,MCF7
9655,CACO-2
9656,RT4
9657,RT4
9658,HEK 293
9659,PC-3
9660,HeLa
9661,HEK 293
9662,MCF7
9663,HEK 293
9664,U-2 OS
9665,HEK 293
9666,PC-3
9667,RT4
9668,MCF7
9669,HeLa
9670,RT4
9671,RT4
9672,CACO-2
9673,CACO-2
9674,MCF7
9675,U-2 OS
9676,RT4
9677,RT4
9678,HEK 293
9679,HEK 293
9680,MCF7
9681,MCF7
9682,RT4
9683,PC-3
9684,PC-3
9685,HeLa
9686,RT4
9687,PC-3
9688,MCF7
9689,HeLa
9690,MCF7
9691,RT4
9692,A549
9693,PC-3
9694,MCF7
9695,HEK 293
9696,HEK 293
9697,HEK 293
9698,RT4
9699,MCF7
9700,RT4
9701,RT4
9702,HeLa
9703,HEK 293
9704,MCF7
9705,HEK 293
9706,U-2 OS
9707,RT4
9708,CACO-2
9709,PC-3
9710,MCF7
9711,RT4
9712,CACO-2
9713,MCF7
9714,CACO-2
9715,CACO-2
9716,U-2 OS
9717,RT4
9718,PC-3
9719,U-2 OS
9720,MCF7
9721,RT4
9722,U-251 MG
9723,HeLa
9724,RT4
9725,PC-3
9726,RT4
9727,CACO-2
9728,A549
9729,HEK 293
9730,CACO-2
9731,A549
9732,HEK 293
9733,U-251 MG
9734,CACO-2
9735,A549
9736,MCF7
9737,MCF7
9738,HEK 293
9739,A549
9740,CACO-2
9741,PC-3
9742,CACO-2
9743,RT4
9744,HEK 293
9745,CACO-2
9746,CACO-2
9747,A549
9748,HEK 293
9749,CACO-2
9750,HeLa
9751,U-2 OS
9752,U-251 MG
9753,U-251 MG
9754,U-251 MG
9755,PC-3
9756,A549
9757,MCF7
9758,RT4
9759,U-251 MG
9760,MCF7
9761,RT4
9762,RT4
9763,U-251 MG
9764,PC-3
9765,U-2 OS
9766,RT4
9767,RT4
9768,RT4
9769,CACO-2
9770,HEK 293
9771,RT4
9772,RT4
9773,RT4
9774,MCF7
9775,RT4
9776,A549
9777,MCF7
9778,CACO-2
9779,HeLa
9780,HeLa
9781,U-251 MG
9782,HeLa
9783,U-251 MG
9784,MCF7
9785,HEK 293
9786,CACO-2
9787,MCF7
9788,U-251 MG
9789,CACO-2
9790,A549
9791,MCF7
9792,CACO-2
9793,U-2 OS
9794,CACO-2
9795,PC-3
9796,RT4
9797,RT4
9798,CACO-2
9799,U-251 MG
9800,CACO-2
9801,CACO-2
9802,A549
9803,A549
9804,RT4
9805,HEK 293
9806,U-2 OS
9807,HeLa
9808,A549
9809,HeLa
9810,RT4
9811,RT4
9812,CACO-2
9813,RT4
9814,CACO-2
9815,PC-3
9816,RT4
9817,CACO-2
9818,RT4
9819,CACO-2
9820,CACO-2
9821,HEK 293
9822,A549
9823,HEK 293
9824,RT4
9825,PC-3
9826,CACO-2
9827,U-2 OS
9828,CACO-2
9829,PC-3
9830,A549
9831,CACO-2
9832,CACO-2
9833,PC-3
9834,MCF7
9835,RT4
9836,HeLa
9837,RT4
9838,RT4
9839,U-251 MG
9840,MCF7
9841,CACO-2
9842,A549
9843,U-251 MG
9844,HeLa
9845,U-251 MG
9846,HEK 293
9847,HEK 293
9848,RT4
9849,HEK 293
9850,A549
9851,MCF7
9852,A549
9853,HEK 293
9854,MCF7
9855,CACO-2
9856,U-2 OS
9857,CACO-2
9858,HEK 293
9859,U-251 MG
9860,PC-3
9861,RT4
9862,U-2 OS
9863,MCF7
9864,U-251 MG
9865,CACO-2
9866,CACO-2
9867,CACO-2
9868,HEK 293
9869,U-2 OS
9870,MCF7
9871,U-2 OS
9872,CACO-2
9873,RT4
9874,MCF7
9875,PC-3
9876,HEK 293
9877,HEK 293
9878,CACO-2
9879,HEK 293
9880,RT4
9881,RT4
9882,A549
9883,RT4
9884,HeLa
9885,HEK 293
9886,RT4
9887,MCF7
9888,CACO-2
9889,MCF7
9890,MCF7
9891,HEK 293
9892,RT4
9893,HeLa
9894,A549
9895,CACO-2
9896,PC-3
9897,HeLa
9898,RT4
9899,U-251 MG
9900,U-251 MG
9901,HEK 293
9902,MCF7
9903,RT4
9904,RT4
9905,CACO-2
9906,CACO-2
9907,MCF7
9908,HeLa
9909,U-2 OS
9910,U-251 MG
9911,RT4
9912,A549
9913,U-2 OS
9914,HEK 293
9915,U-251 MG
9916,A549
9917,HEK 293
9918,HeLa
9919,A549
9920,CACO-2
9921,HEK 293
9922,U-251 MG
9923,RT4
9924,RT4
9925,U-251 MG
9926,HEK 293
9927,A549
9928,MCF7
9929,RT4
9930,U-251 MG
9931,MCF7
9932,RT4
9933,HEK 293
9934,CACO-2
9935,PC-3
9936,HEK 293
9937,A549
9938,HEK 293
9939,MCF7
9940,RT4
9941,PC-3
9942,U-2 OS
9943,RT4
9944,A549
9945,RT4
9946,HeLa
9947,MCF7
9948,MCF7
9949,CACO-2
9950,CACO-2
9951,CACO-2
9952,A549
9953,PC-3
9954,PC-3
9955,RT4
9956,CACO-2
9957,U-251 MG
9958,MCF7
9959,RT4
9960,CACO-2
9961,MCF7
9962,U-251 MG
9963,U-2 OS
9964,U-251 MG
9965,HeLa
9966,PC-3
9967,MCF7
9968,A549
9969,U-251 MG
9970,MCF7
9971,RT4
9972,HEK 293
9973,CACO-2
9974,RT4
9975,MCF7
9976,RT4
9977,HEK 293
9978,CACO-2
9979,PC-3
9980,CACO-2
9981,RT4
9982,U-2 OS
9983,CACO-2
9984,RT4
9985,HEK 293
9986,A549
9987,RT4
9988,U-2 OS
9989,CACO-2
9990,PC-3
9991,HeLa
9992,PC-3
9993,HeLa
9994,RT4
9995,HEK 293
9996,RT4
9997,RT4
9998,HEK 293
9999,RT4
10000,RT4
10001,CACO-2
10002,RT4
10003,U-251 MG
10004,PC-3
10005,HEK 293
10006,CACO-2
10007,RT4
10008,RT4
10009,PC-3
10010,U-2 OS
10011,U-251 MG
10012,RT4
10013,U-2 OS
10014,HeLa
10015,U-251 MG
10016,CACO-2
10017,U-2 OS
10018,U-251 MG
10019,HEK 293
10020,RT4
10021,U-2 OS
10022,CACO-2
10023,U-251 MG
10024,U-2 OS
10025,CACO-2
10026,U-251 MG
10027,MCF7
10028,CACO-2
10029,CACO-2
10030,A549
10031,U-2 OS
10032,CACO-2
10033,RT4
10034,HEK 293
10035,HEK 293
10036,MCF7
10037,RT4
10038,PC-3
10039,CACO-2
10040,PC-3
10041,HEK 293
10042,MCF7
10043,HEK 293
10044,U-251 MG
10045,A549
10046,HEK 293
10047,MCF7
10048,RT4
10049,U-2 OS
10050,MCF7
10051,CACO-2
10052,MCF7
10053,MCF7
10054,HeLa
10055,MCF7
10056,CACO-2
10057,U-2 OS
10058,HeLa
10059,RT4
10060,HEK 293
10061,HEK 293
10062,U-2 OS
10063,HeLa
10064,RT4
10065,HEK 293
10066,RT4
10067,PC-3
10068,U-251 MG
10069,CACO-2
10070,HeLa
10071,U-2 OS
10072,PC-3
10073,MCF7
10074,CACO-2
10075,PC-3
10076,A549
10077,CACO-2
10078,PC-3
10079,MCF7
10080,U-2 OS
10081,HeLa
10082,RT4
10083,RT4
10084,A549
10085,HEK 293
10086,HeLa
10087,RT4
10088,HEK 293
10089,HeLa
10090,MCF7
10091,CACO-2
10092,RT4
10093,RT4
10094,RT4
10095,HEK 293
10096,U-251 MG
10097,RT4
10098,HeLa
10099,HeLa
10100,PC-3
10101,U-251 MG
10102,U-2 OS
10103,RT4
10104,HEK 293
10105,HeLa
10106,U-251 MG
10107,CACO-2
10108,RT4
10109,PC-3
10110,RT4
10111,PC-3
10112,MCF7
10113,HeLa
10114,HEK 293
10115,PC-3
10116,HEK 293
10117,U-2 OS
10118,PC-3
10119,HeLa
10120,MCF7
10121,RT4
10122,CACO-2
10123,CACO-2
10124,CACO-2
10125,A549
10126,U-251 MG
10127,A549
10128,PC-3
10129,MCF7
10130,U-2 OS
10131,HEK 293
10132,RT4
10133,HEK 293
10134,CACO-2
10135,MCF7
10136,MCF7
10137,CACO-2
10138,RT4
10139,RT4
10140,U-2 OS
10141,PC-3
10142,U-2 OS
10143,A549
10144,HEK 293
10145,CACO-2
10146,MCF7
10147,RT4
10148,CACO-2
10149,PC-3
10150,CACO-2
10151,U-2 OS
10152,HEK 293
10153,RT4
10154,PC-3
10155,U-251 MG
10156,A549
10157,PC-3
10158,MCF7
10159,HEK 293
10160,MCF7
10161,RT4
10162,CACO-2
10163,U-2 OS
10164,HeLa
10165,CACO-2
10166,U-2 OS
10167,RT4
10168,PC-3
10169,MCF7
10170,HEK 293
10171,U-251 MG
10172,U-2 OS
10173,CACO-2
10174,RT4
10175,RT4
10176,RT4
10177,RT4
10178,HEK 293
10179,MCF7
10180,CACO-2
10181,U-2 OS
10182,RT4
10183,HeLa
10184,U-251 MG
10185,U-251 MG
10186,RT4
10187,U-251 MG
10188,HeLa
10189,CACO-2
10190,CACO-2
10191,CACO-2
10192,HeLa
10193,CACO-2
10194,HeLa
10195,RT4
10196,CACO-2
10197,MCF7
10198,CACO-2
10199,U-251 MG
10200,HEK 293
10201,RT4
10202,A549
10203,MCF7
10204,A549
10205,HEK 293
10206,MCF7
10207,U-251 MG
10208,RT4
10209,CACO-2
10210,HEK 293
10211,A549
10212,HEK 293
10213,HeLa
10214,MCF7
10215,RT4
10216,PC-3
10217,MCF7
10218,CACO-2
10219,CACO-2
10220,RT4
10221,RT4
10222,U-251 MG
10223,CACO-2
10224,PC-3
10225,RT4
10226,RT4
10227,CACO-2
10228,HEK 293
10229,CACO-2
10230,HeLa
10231,HEK 293
10232,HEK 293
10233,HEK 293
10234,HeLa
10235,RT4
10236,PC-3
10237,U-2 OS
10238,RT4
10239,MCF7
10240,RT4
10241,RT4
10242,RT4
10243,U-251 MG
10244,CACO-2
10245,HeLa
10246,HEK 293
10247,U-251 MG
10248,RT4
10249,U-2 OS
10250,HeLa
10251,A549
10252,U-251 MG
10253,MCF7
10254,U-251 MG
10255,RT4
10256,RT4
10257,MCF7
10258,RT4
10259,U-251 MG
10260,HEK 293
10261,A549
10262,U-2 OS
10263,HeLa
10264,RT4
10265,RT4
10266,MCF7
10267,U-251 MG
10268,U-2 OS
10269,RT4
10270,CACO-2
10271,MCF7
10272,MCF7
10273,MCF7
10274,RT4
10275,RT4
10276,HEK 293
10277,CACO-2
10278,CACO-2
10279,U-2 OS
10280,RT4
10281,HEK 293
10282,A549
10283,U-2 OS
10284,PC-3
10285,HEK 293
10286,CACO-2
10287,MCF7
10288,PC-3
10289,RT4
10290,RT4
10291,U-2 OS
10292,HeLa
10293,HEK 293
10294,MCF7
10295,A549
10296,HeLa
10297,PC-3
10298,U-2 OS
10299,CACO-2
10300,HeLa
10301,A549
10302,A549
10303,CACO-2
10304,CACO-2
10305,HEK 293
10306,U-2 OS
10307,RT4
10308,HeLa
10309,HEK 293
10310,CACO-2
10311,U-251 MG
10312,MCF7
10313,HeLa
10314,MCF7
10315,MCF7
10316,CACO-2
10317,HeLa
10318,HEK 293
10319,MCF7
10320,RT4
10321,HeLa
10322,U-251 MG
10323,MCF7
10324,CACO-2
10325,CACO-2
10326,HEK 293
10327,HeLa
10328,HEK 293
10329,CACO-2
10330,HEK 293
10331,U-2 OS
10332,HEK 293
10333,A549
10334,HEK 293
10335,MCF7
10336,U-251 MG
10337,U-2 OS
10338,RT4
10339,CACO-2
10340,CACO-2
10341,A549
10342,RT4
10343,RT4
10344,RT4
10345,HEK 293
10346,MCF7
10347,U-251 MG
10348,HEK 293
10349,PC-3
10350,CACO-2
10351,HeLa
10352,MCF7
10353,RT4
10354,HEK 293
10355,CACO-2
10356,PC-3
10357,HEK 293
10358,RT4
10359,HeLa
10360,CACO-2
10361,RT4
10362,MCF7
10363,MCF7
10364,RT4
10365,HEK 293
10366,A549
10367,RT4
10368,U-251 MG
10369,CACO-2
10370,A549
10371,MCF7
10372,CACO-2
10373,CACO-2
10374,CACO-2
10375,RT4
10376,U-251 MG
10377,MCF7
10378,MCF7
10379,RT4
10380,U-2 OS
10381,MCF7
10382,PC-3
10383,HEK 293
10384,A549
10385,RT4
10386,PC-3
10387,CACO-2
10388,HEK 293
10389,RT4
10390,CACO-2
10391,RT4
10392,CACO-2
10393,HEK 293
10394,RT4
10395,CACO-2
10396,MCF7
10397,CACO-2
10398,RT4
10399,RT4
10400,MCF7
10401,RT4
10402,RT4
10403,PC-3
10404,A549
10405,RT4
10406,CACO-2
10407,RT4
10408,U-2 OS
10409,A549
10410,U-2 OS
10411,HEK 293
10412,HEK 293
10413,U-2 OS
10414,PC-3
10415,HEK 293
10416,HEK 293
10417,RT4
10418,HEK 293
10419,A549
10420,HeLa
10421,HEK 293
10422,RT4
10423,RT4
10424,CACO-2
10425,HEK 293
10426,U-251 MG
10427,RT4
10428,RT4
10429,HEK 293
10430,MCF7
10431,MCF7
10432,RT4
10433,U-251 MG
10434,CACO-2
10435,HeLa
10436,HEK 293
10437,CACO-2
10438,HeLa
10439,PC-3
10440,U-2 OS
10441,CACO-2
10442,HeLa
10443,CACO-2
10444,HeLa
10445,HEK 293
10446,CACO-2
10447,HEK 293
10448,MCF7
10449,CACO-2
10450,CACO-2
10451,U-2 OS
10452,PC-3
10453,HEK 293
10454,PC-3
10455,U-251 MG
10456,RT4
10457,RT4
10458,MCF7
10459,HeLa
10460,CACO-2
10461,CACO-2
10462,CACO-2
10463,RT4
10464,HeLa
10465,CACO-2
10466,HeLa
10467,HeLa
10468,HEK 293
10469,CACO-2
10470,HEK 293
10471,CACO-2
10472,HeLa
10473,U-2 OS
10474,PC-3
10475,U-251 MG
10476,HeLa
10477,HEK 293
10478,CACO-2
10479,HEK 293
10480,MCF7
10481,PC-3
10482,MCF7
10483,MCF7
10484,MCF7
10485,CACO-2
10486,HeLa
10487,CACO-2
10488,HEK 293
10489,CACO-2
10490,U-251 MG
10491,U-251 MG
10492,A549
10493,MCF7
10494,CACO-2
10495,RT4
10496,U-251 MG
10497,RT4
10498,HEK 293
10499,U-2 OS
10500,HEK 293
10501,HeLa
10502,RT4
10503,RT4
10504,A549
10505,CACO-2
10506,U-251 MG
10507,A549
10508,HEK 293
10509,CACO-2
10510,PC-3
10511,PC-3
10512,U-2 OS
10513,HEK 293
10514,HEK 293
10515,RT4
10516,RT4
10517,PC-3
10518,CACO-2
10519,CACO-2
10520,CACO-2
10521,MCF7
10522,MCF7
10523,U-251 MG
10524,U-251 MG
10525,HEK 293
10526,RT4
10527,MCF7
10528,CACO-2
10529,RT4
10530,MCF7
10531,PC-3
10532,PC-3
10533,A549
10534,CACO-2
10535,CACO-2
10536,CACO-2
10537,HeLa
10538,HEK 293
10539,CACO-2
10540,HeLa
10541,MCF7
10542,U-2 OS
10543,MCF7
10544,MCF7
10545,CACO-2
10546,CACO-2
10547,RT4
10548,PC-3
10549,HeLa
10550,U-2 OS
10551,RT4
10552,CACO-2
10553,HEK 293
10554,CACO-2
10555,MCF7
10556,HEK 293
10557,CACO-2
10558,A549
10559,RT4
10560,RT4
10561,PC-3
10562,RT4
10563,HeLa
10564,CACO-2
10565,RT4
10566,RT4
10567,CACO-2
10568,RT4
10569,U-2 OS
10570,MCF7
10571,HEK 293
10572,HEK 293
10573,PC-3
10574,U-251 MG
10575,CACO-2
10576,U-251 MG
10577,HeLa
10578,RT4
10579,HEK 293
10580,U-251 MG
10581,PC-3
10582,RT4
10583,RT4
10584,RT4
10585,RT4
10586,A549
10587,RT4
10588,MCF7
10589,HEK 293
10590,RT4
10591,HEK 293
10592,A549
10593,PC-3
10594,A549
10595,HEK 293
10596,CACO-2
10597,RT4
10598,RT4
10599,MCF7
10600,U-251 MG
10601,CACO-2
10602,HEK 293
10603,CACO-2
10604,PC-3
10605,CACO-2
10606,CACO-2
10607,MCF7
10608,CACO-2
10609,HEK 293
10610,HEK 293
10611,U-2 OS
10612,HEK 293
10613,RT4
10614,HEK 293
10615,A549
10616,U-251 MG
10617,MCF7
10618,CACO-2
10619,HEK 293
10620,U-251 MG
10621,RT4
10622,U-251 MG
10623,U-2 OS
10624,RT4
10625,U-251 MG
10626,U-251 MG
10627,HEK 293
10628,PC-3
10629,RT4
10630,PC-3
10631,HEK 293
10632,CACO-2
10633,RT4
10634,A549
10635,CACO-2
10636,RT4
10637,HEK 293
10638,HEK 293
10639,RT4
10640,RT4
10641,HEK 293
10642,MCF7
10643,HeLa
10644,PC-3
10645,MCF7
10646,RT4
10647,MCF7
10648,HEK 293
10649,U-2 OS
10650,U-2 OS
10651,PC-3
10652,U-251 MG
10653,CACO-2
10654,RT4
10655,RT4
10656,CACO-2
10657,HEK 293
10658,HeLa
10659,HEK 293
10660,RT4
10661,U-2 OS
10662,CACO-2
10663,RT4
10664,CACO-2
10665,HeLa
10666,CACO-2
10667,A549
10668,RT4
10669,HEK 293
10670,HEK 293
10671,HEK 293
10672,A549
10673,U-2 OS
10674,A549
10675,RT4
10676,HEK 293
10677,PC-3
10678,HEK 293
10679,U-251 MG
10680,HEK 293
10681,RT4
10682,HEK 293
10683,CACO-2
10684,RT4
10685,HeLa
10686,PC-3
10687,U-2 OS
10688,MCF7
10689,MCF7
10690,RT4
10691,U-251 MG
10692,HeLa
10693,HEK 293
10694,A549
10695,RT4
10696,U-2 OS
10697,PC-3
10698,U-2 OS
10699,U-2 OS
10700,RT4
10701,CACO-2
10702,U-2 OS
10703,CACO-2
10704,CACO-2
10705,U-2 OS
10706,HEK 293
10707,MCF7
10708,RT4
10709,U-251 MG
10710,U-251 MG
10711,MCF7
10712,RT4
10713,RT4
10714,HEK 293
10715,MCF7
10716,U-251 MG
10717,HEK 293
10718,HEK 293
10719,RT4
10720,RT4
10721,MCF7
10722,U-251 MG
10723,A549
10724,HeLa
10725,A549
10726,RT4
10727,PC-3
10728,RT4
10729,HEK 293
10730,U-251 MG
10731,HeLa
10732,U-251 MG
10733,MCF7
10734,U-2 OS
10735,RT4
10736,RT4
10737,U-251 MG
10738,PC-3
10739,CACO-2
10740,MCF7
10741,CACO-2
10742,CACO-2
10743,RT4
10744,CACO-2
10745,RT4
10746,RT4
10747,U-2 OS
10748,U-2 OS
10749,CACO-2
10750,RT4
10751,RT4
10752,HEK 293
10753,PC-3
10754,PC-3
10755,A549
10756,U-251 MG
10757,PC-3
10758,MCF7
10759,MCF7
10760,U-251 MG
10761,HeLa
10762,RT4
10763,RT4
10764,U-251 MG
10765,MCF7
10766,RT4
10767,HeLa
10768,CACO-2
10769,HEK 293
10770,RT4
10771,CACO-2
10772,U-2 OS
10773,A549
10774,A549
10775,HeLa
10776,CACO-2
10777,RT4
10778,CACO-2
10779,RT4
10780,RT4
10781,RT4
10782,MCF7
10783,RT4
10784,MCF7
10785,HEK 293
10786,HEK 293
10787,HEK 293
10788,RT4
10789,RT4
10790,HeLa
10791,MCF7
10792,U-251 MG
10793,HEK 293
10794,RT4
10795,HEK 293
10796,HEK 293
10797,A549
10798,RT4
10799,U-2 OS
10800,RT4
10801,PC-3
10802,RT4
10803,HEK 293
10804,CACO-2
10805,U-2 OS
10806,U-2 OS
10807,A549
10808,HeLa
10809,HeLa
10810,HEK 293
10811,HEK 293
10812,MCF7
10813,A549
10814,U-251 MG
10815,HEK 293
10816,A549
10817,CACO-2
10818,RT4
10819,RT4
10820,HEK 293
10821,HEK 293
10822,PC-3
10823,HEK 293
10824,HEK 293
10825,HEK 293
10826,HEK 293
10827,CACO-2
10828,CACO-2
10829,CACO-2
10830,CACO-2
10831,CACO-2
10832,PC-3
10833,HEK 293
10834,HEK 293
10835,HEK 293
10836,CACO-2
10837,U-251 MG
10838,MCF7
10839,CACO-2
10840,HEK 293
10841,U-2 OS
10842,MCF7
10843,HEK 293
10844,MCF7
10845,U-2 OS
10846,A549
10847,U-2 OS
10848,HEK 293
10849,A549
10850,U-2 OS
10851,CACO-2
10852,CACO-2
10853,HeLa
10854,CACO-2
10855,U-2 OS
10856,MCF7
10857,PC-3
10858,HeLa
10859,U-2 OS
10860,HEK 293
10861,HEK 293
10862,RT4
10863,RT4
10864,CACO-2
10865,RT4
10866,RT4
10867,U-251 MG
10868,A549
10869,A549
10870,RT4
10871,MCF7
10872,MCF7
10873,RT4
10874,MCF7
10875,MCF7
10876,RT4
10877,U-251 MG
10878,CACO-2
10879,HeLa
10880,CACO-2
10881,HeLa
10882,U-251 MG
10883,HEK 293
10884,CACO-2
10885,PC-3
10886,HEK 293
10887,CACO-2
10888,A549
10889,MCF7
10890,HEK 293
10891,HEK 293
10892,RT4
10893,CACO-2
10894,CACO-2
10895,HEK 293
10896,PC-3
10897,A549
10898,PC-3
10899,HEK 293
10900,HEK 293
10901,PC-3
10902,CACO-2
10903,RT4
10904,PC-3
10905,HEK 293
10906,HEK 293
10907,HeLa
10908,RT4
10909,HEK 293
10910,CACO-2
10911,HeLa
10912,RT4
10913,HEK 293
10914,HEK 293
10915,RT4
10916,A549
10917,MCF7
10918,HEK 293
10919,RT4
10920,HeLa
10921,MCF7
10922,HeLa
10923,CACO-2
10924,RT4
10925,CACO-2
10926,U-2 OS
10927,PC-3
10928,RT4
10929,HEK 293
10930,PC-3
10931,CACO-2
10932,HEK 293
10933,RT4
10934,CACO-2
10935,MCF7
10936,U-2 OS
10937,PC-3
10938,U-2 OS
10939,RT4
10940,RT4
10941,A549
10942,MCF7
10943,U-251 MG
10944,RT4
10945,HEK 293
10946,CACO-2
10947,U-2 OS
10948,RT4
10949,HEK 293
10950,HEK 293
10951,HeLa
10952,CACO-2
10953,RT4
10954,U-251 MG
10955,MCF7
10956,CACO-2
10957,MCF7
10958,RT4
10959,HEK 293
10960,RT4
10961,RT4
10962,PC-3
10963,MCF7
10964,U-2 OS
10965,MCF7
10966,HEK 293
10967,MCF7
10968,MCF7
10969,RT4
10970,U-2 OS
10971,CACO-2
10972,U-251 MG
10973,U-2 OS
10974,CACO-2
10975,HEK 293
10976,A549
10977,CACO-2
10978,CACO-2
10979,MCF7
10980,HeLa
10981,RT4
10982,RT4
10983,A549
10984,CACO-2
10985,U-2 OS
10986,MCF7
10987,HEK 293
10988,PC-3
10989,HEK 293
10990,U-251 MG
10991,MCF7
10992,RT4
10993,CACO-2
10994,MCF7
10995,HEK 293
10996,U-251 MG
10997,HEK 293
10998,U-251 MG
10999,HeLa
11000,MCF7
11001,MCF7
11002,CACO-2
11003,HeLa
11004,CACO-2
11005,RT4
11006,A549
11007,CACO-2
11008,RT4
11009,HEK 293
11010,U-251 MG
11011,HeLa
11012,U-2 OS
11013,HeLa
11014,HeLa
11015,MCF7
11016,U-251 MG
11017,MCF7
11018,A549
11019,CACO-2
11020,RT4
11021,U-2 OS
11022,U-251 MG
11023,RT4
11024,PC-3
11025,PC-3
11026,CACO-2
11027,RT4
11028,CACO-2
11029,CACO-2
11030,HEK 293
11031,CACO-2
11032,RT4
11033,RT4
11034,PC-3
11035,U-251 MG
11036,HeLa
11037,CACO-2
11038,CACO-2
11039,U-251 MG
11040,RT4
11041,HeLa
11042,HEK 293
11043,MCF7
11044,HEK 293
11045,CACO-2
11046,HeLa
11047,HEK 293
11048,CACO-2
11049,A549
11050,U-2 OS
11051,A549
11052,CACO-2
11053,MCF7
11054,RT4
11055,MCF7
11056,CACO-2
11057,CACO-2
11058,HEK 293
11059,CACO-2
11060,HEK 293
11061,U-251 MG
11062,RT4
11063,RT4
11064,RT4
11065,U-2 OS
11066,U-251 MG
11067,RT4
11068,RT4
11069,CACO-2
11070,HEK 293
11071,A549
11072,HeLa
11073,MCF7
11074,HeLa
11075,U-2 OS
11076,HEK 293
11077,RT4
11078,HEK 293
11079,CACO-2
11080,RT4
11081,U-251 MG
11082,U-2 OS
11083,MCF7
11084,RT4
11085,RT4
11086,U-251 MG
11087,CACO-2
11088,MCF7
11089,PC-3
11090,PC-3
11091,RT4
11092,U-251 MG
11093,U-251 MG
11094,MCF7
11095,U-251 MG
11096,CACO-2
11097,CACO-2
11098,CACO-2
11099,U-2 OS
11100,HEK 293
11101,A549
11102,RT4
11103,A549
11104,CACO-2
11105,HEK 293
11106,HeLa
11107,CACO-2
11108,RT4
11109,HeLa
11110,MCF7
11111,RT4
11112,PC-3
11113,CACO-2
11114,RT4
11115,HEK 293
11116,CACO-2
11117,HEK 293
11118,RT4
11119,PC-3
11120,MCF7
11121,HEK 293
11122,PC-3
11123,U-251 MG
11124,HEK 293
11125,U-251 MG
11126,HEK 293
11127,HEK 293
11128,CACO-2
11129,U-251 MG
11130,U-251 MG
11131,HeLa
11132,PC-3
11133,CACO-2
11134,CACO-2
11135,CACO-2
11136,A549
11137,RT4
11138,RT4
11139,MCF7
11140,U-2 OS
11141,HEK 293
11142,RT4
11143,RT4
11144,HEK 293
11145,HEK 293
11146,PC-3
11147,CACO-2
11148,RT4
11149,RT4
11150,RT4
11151,A549
11152,RT4
11153,CACO-2
11154,U-251 MG
11155,MCF7
11156,CACO-2
11157,RT4
11158,U-2 OS
11159,RT4
11160,RT4
11161,A549
11162,RT4
11163,U-251 MG
11164,HEK 293
11165,U-251 MG
11166,MCF7
11167,HEK 293
11168,U-251 MG
11169,RT4
11170,HeLa
11171,RT4
11172,RT4
11173,U-2 OS
11174,HeLa
11175,RT4
11176,HEK 293
11177,U-2 OS
11178,HEK 293
11179,CACO-2
11180,A549
11181,MCF7
11182,HEK 293
11183,HeLa
11184,RT4
11185,MCF7
11186,HEK 293
11187,MCF7
11188,MCF7
11189,CACO-2
11190,CACO-2
11191,RT4
11192,U-2 OS
11193,HEK 293
11194,RT4
11195,MCF7
11196,A549
11197,CACO-2
11198,MCF7
11199,CACO-2
11200,HEK 293
11201,MCF7
11202,MCF7
11203,RT4
11204,RT4
11205,RT4
11206,RT4
11207,RT4
11208,U-2 OS
11209,HEK 293
11210,CACO-2
11211,CACO-2
11212,MCF7
11213,PC-3
11214,PC-3
11215,A549
11216,CACO-2
11217,PC-3
11218,MCF7
11219,U-2 OS
11220,PC-3
11221,RT4
11222,HEK 293
11223,A549
11224,HeLa
11225,MCF7
11226,PC-3
11227,MCF7
11228,U-251 MG
11229,HEK 293
11230,PC-3
11231,PC-3
11232,PC-3
11233,RT4
11234,HeLa
11235,HEK 293
11236,RT4
11237,U-2 OS
11238,U-251 MG
11239,MCF7
11240,RT4
11241,MCF7
11242,HeLa
11243,HeLa
11244,PC-3
11245,HEK 293
11246,A549
11247,MCF7
11248,MCF7
11249,CACO-2
11250,CACO-2
11251,RT4
11252,U-251 MG
11253,CACO-2
11254,RT4
11255,HEK 293
11256,CACO-2
11257,HEK 293
11258,HEK 293
11259,U-2 OS
11260,PC-3
11261,CACO-2
11262,CACO-2
11263,MCF7
11264,U-2 OS
11265,RT4
11266,U-251 MG
11267,HEK 293
11268,RT4
11269,RT4
11270,A549
11271,PC-3
11272,A549
11273,U-251 MG
11274,U-2 OS
11275,RT4
11276,HEK 293
11277,U-251 MG
11278,CACO-2
11279,HEK 293
11280,PC-3
11281,U-251 MG
11282,HeLa
11283,MCF7
11284,MCF7
11285,RT4
11286,CACO-2
11287,MCF7
11288,CACO-2
11289,RT4
11290,U-2 OS
11291,RT4
11292,CACO-2
11293,CACO-2
11294,U-251 MG
11295,CACO-2
11296,MCF7
11297,MCF7
11298,HeLa
11299,HeLa
11300,A549
11301,RT4
11302,PC-3
11303,MCF7
11304,HeLa
11305,HEK 293
11306,CACO-2
11307,MCF7
11308,A549
11309,MCF7
11310,HEK 293
11311,CACO-2
11312,RT4
11313,RT4
11314,CACO-2
11315,HeLa
11316,HEK 293
11317,PC-3
11318,MCF7
11319,HEK 293
11320,PC-3
11321,HEK 293
11322,HeLa
11323,CACO-2
11324,RT4
11325,RT4
11326,RT4
11327,RT4
11328,RT4
11329,U-251 MG
11330,HeLa
11331,CACO-2
11332,U-251 MG
11333,PC-3
11334,MCF7
11335,RT4
11336,MCF7
11337,CACO-2
11338,CACO-2
11339,HEK 293
11340,U-251 MG
11341,U-251 MG
11342,RT4
11343,HeLa
11344,CACO-2
11345,RT4
11346,MCF7
11347,CACO-2
11348,MCF7
11349,U-251 MG
11350,RT4
11351,MCF7
11352,CACO-2
11353,A549
11354,U-2 OS
11355,HEK 293
11356,HEK 293
11357,RT4
11358,U-251 MG
11359,U-2 OS
11360,MCF7
11361,A549
11362,RT4
11363,MCF7
11364,HEK 293
11365,RT4
11366,HEK 293
11367,PC-3
11368,U-2 OS
11369,HEK 293
11370,RT4
11371,HeLa
11372,RT4
11373,MCF7
11374,HeLa
11375,U-251 MG
11376,RT4
11377,HEK 293
11378,MCF7
11379,U-2 OS
11380,U-2 OS
11381,A549
11382,CACO-2
11383,RT4
11384,PC-3
11385,U-2 OS
11386,HeLa
11387,CACO-2
11388,HEK 293
11389,HEK 293
11390,MCF7
11391,RT4
11392,HeLa
11393,HEK 293
11394,HeLa
11395,CACO-2
11396,CACO-2
11397,MCF7
11398,CACO-2
11399,PC-3
11400,RT4
11401,U-2 OS
11402,HEK 293
11403,PC-3
11404,A549
11405,MCF7
11406,HEK 293
11407,PC-3
11408,PC-3
11409,CACO-2
11410,CACO-2
11411,HeLa
11412,U-251 MG
11413,CACO-2
11414,HEK 293
11415,RT4
11416,HEK 293
11417,RT4
11418,PC-3
11419,CACO-2
11420,U-2 OS
11421,U-2 OS
11422,CACO-2
11423,HeLa
11424,CACO-2
11425,MCF7
11426,MCF7
11427,HEK 293
11428,HEK 293
11429,U-2 OS
11430,HEK 293
11431,PC-3
11432,RT4
11433,RT4
11434,CACO-2
11435,U-2 OS
11436,RT4
11437,CACO-2
11438,HEK 293
11439,RT4
11440,HeLa
11441,RT4
11442,PC-3
11443,PC-3
11444,A549
11445,PC-3
11446,CACO-2
11447,HeLa
11448,U-251 MG
11449,RT4
11450,HEK 293
11451,CACO-2
11452,CACO-2
11453,U-2 OS
11454,U-2 OS
11455,HeLa
11456,HEK 293
11457,HEK 293
11458,CACO-2
11459,HEK 293
11460,RT4
11461,CACO-2
11462,HEK 293
11463,MCF7
11464,HeLa
11465,CACO-2
11466,RT4
11467,U-251 MG
11468,MCF7
11469,A549
11470,RT4
11471,HeLa
11472,A549
11473,CACO-2
11474,U-251 MG
11475,MCF7
11476,A549
11477,RT4
11478,HEK 293
11479,PC-3
11480,HeLa
11481,RT4
11482,HEK 293
11483,RT4
11484,RT4
11485,RT4
11486,U-2 OS
11487,RT4
11488,HEK 293
11489,HeLa
11490,RT4
11491,HEK 293
11492,MCF7
11493,PC-3
11494,U-2 OS
11495,HEK 293
11496,U-2 OS
11497,PC-3
11498,HeLa
11499,A549
11500,MCF7
11501,RT4
11502,MCF7
11503,PC-3
11504,RT4
11505,U-2 OS
11506,A549
11507,U-251 MG
11508,HeLa
11509,U-251 MG
11510,RT4
11511,PC-3
11512,HeLa
11513,MCF7
11514,CACO-2
11515,RT4
11516,A549
11517,RT4
11518,HeLa
11519,HEK 293
11520,MCF7
11521,RT4
11522,CACO-2
11523,CACO-2
11524,CACO-2
11525,U-251 MG
11526,U-251 MG
11527,CACO-2
11528,U-2 OS
11529,RT4
11530,CACO-2
11531,RT4
11532,CACO-2
11533,CACO-2
11534,MCF7
11535,HEK 293
11536,HeLa
11537,RT4
11538,U-251 MG
11539,RT4
11540,U-2 OS
11541,U-2 OS
11542,PC-3
11543,HeLa
11544,HEK 293
11545,U-2 OS
11546,HEK 293
11547,U-2 OS
11548,HEK 293
11549,HEK 293
11550,CACO-2
11551,CACO-2
11552,CACO-2
11553,HEK 293
11554,U-2 OS
11555,MCF7
11556,CACO-2
11557,U-2 OS
11558,HEK 293
11559,MCF7
11560,HEK 293
11561,U-251 MG
11562,U-251 MG
11563,CACO-2
11564,MCF7
11565,U-2 OS
11566,CACO-2
11567,RT4
11568,HEK 293
11569,RT4
11570,RT4
11571,RT4
11572,CACO-2
11573,U-2 OS
11574,CACO-2
11575,MCF7
11576,PC-3
11577,HEK 293
11578,RT4
11579,RT4
11580,CACO-2
11581,PC-3
11582,CACO-2
11583,RT4
11584,U-251 MG
11585,HEK 293
11586,CACO-2
11587,RT4
11588,A549
11589,CACO-2
11590,HEK 293
11591,U-2 OS
11592,HEK 293
11593,U-2 OS
11594,RT4
11595,RT4
11596,U-251 MG
11597,A549
11598,U-251 MG
11599,CACO-2
11600,HEK 293
11601,MCF7
11602,HEK 293
11603,PC-3
11604,HEK 293
11605,HeLa
11606,PC-3
11607,U-251 MG
11608,HEK 293
11609,HeLa
11610,CACO-2
11611,U-251 MG
11612,U-251 MG
11613,A549
11614,MCF7
11615,CACO-2
11616,A549
11617,U-251 MG
11618,U-2 OS
11619,CACO-2
11620,CACO-2
11621,MCF7
11622,HEK 293
11623,MCF7
11624,U-2 OS
11625,CACO-2
11626,MCF7
11627,HEK 293
11628,HEK 293
11629,HEK 293
11630,U-2 OS
11631,A549
11632,MCF7
11633,RT4
11634,RT4
11635,PC-3
11636,HeLa
11637,HeLa
11638,MCF7
11639,HEK 293
11640,HEK 293
11641,RT4
11642,CACO-2
11643,PC-3
11644,U-251 MG
11645,PC-3
11646,RT4
11647,PC-3
11648,U-2 OS
11649,RT4
11650,HEK 293
11651,RT4
11652,CACO-2
11653,MCF7
11654,U-2 OS
11655,MCF7
11656,HEK 293
11657,CACO-2
11658,U-251 MG
11659,HEK 293
11660,U-2 OS
11661,RT4
11662,RT4
11663,RT4
11664,MCF7
11665,CACO-2
11666,PC-3
11667,CACO-2
11668,HEK 293
11669,HeLa
11670,MCF7
11671,MCF7
11672,U-251 MG
11673,U-2 OS
11674,U-2 OS
11675,HeLa
11676,HEK 293
11677,HEK 293
11678,HeLa
11679,RT4
11680,HeLa
11681,HEK 293
11682,CACO-2
11683,PC-3
11684,U-251 MG
11685,RT4
11686,U-2 OS
11687,HEK 293
11688,CACO-2
11689,PC-3
11690,HEK 293
11691,MCF7
11692,CACO-2
11693,HeLa
11694,MCF7
11695,HeLa
11696,RT4
11697,PC-3
11698,RT4
11699,CACO-2
11700,U-251 MG
11701,A549
11702,RT4
11703,MCF7
11704,HEK 293
11705,PC-3
11706,U-251 MG
11707,CACO-2
11708,MCF7
11709,PC-3
11710,RT4
11711,U-2 OS
11712,A549
11713,A549
11714,PC-3
11715,RT4
11716,U-2 OS
11717,CACO-2
11718,A549
11719,CACO-2
11720,RT4
11721,U-251 MG
11722,HEK 293
11723,U-2 OS
11724,RT4
11725,CACO-2
11726,CACO-2
11727,RT4
11728,RT4
11729,CACO-2
11730,MCF7
11731,A549
11732,CACO-2
11733,U-2 OS
11734,CACO-2
11735,A549
11736,HEK 293
11737,U-251 MG
11738,RT4
11739,CACO-2
11740,HeLa
11741,MCF7
11742,HEK 293
11743,RT4
11744,MCF7
11745,U-2 OS
11746,MCF7
11747,RT4
11748,CACO-2
11749,RT4
11750,CACO-2
11751,U-2 OS
11752,RT4
11753,U-251 MG
11754,CACO-2
11755,CACO-2
11756,CACO-2
11757,U-251 MG
11758,HEK 293
11759,RT4
11760,HeLa
11761,HeLa
11762,HEK 293
11763,U-2 OS
11764,CACO-2
11765,U-2 OS
11766,RT4
11767,U-2 OS
11768,U-251 MG
11769,RT4
11770,U-2 OS
11771,HeLa
11772,CACO-2
11773,HEK 293
11774,CACO-2
11775,HeLa
11776,PC-3
11777,U-2 OS
11778,RT4
11779,U-251 MG
11780,HEK 293
11781,CACO-2
11782,RT4
11783,RT4
11784,HeLa
11785,HEK 293
11786,U-2 OS
11787,U-2 OS
11788,CACO-2
11789,HEK 293
11790,CACO-2
11791,MCF7
11792,U-2 OS
11793,RT4
11794,HEK 293
11795,A549
11796,CACO-2
11797,U-251 MG
11798,U-2 OS
11799,PC-3
11800,A549
11801,CACO-2
11802,U-2 OS
11803,HeLa
11804,CACO-2
11805,CACO-2
11806,CACO-2
11807,U-2 OS
11808,U-251 MG
11809,CACO-2
11810,CACO-2
11811,RT4
11812,HEK 293
11813,HEK 293
11814,MCF7
11815,RT4
11816,CACO-2
11817,U-2 OS
11818,A549
11819,U-2 OS
11820,U-251 MG
11821,CACO-2
11822,HeLa
11823,A549
11824,U-2 OS
11825,HEK 293
11826,U-2 OS
11827,RT4
11828,CACO-2
11829,HEK 293
11830,U-251 MG
11831,HEK 293
11832,CACO-2
11833,RT4
11834,U-2 OS
11835,MCF7
11836,A549
11837,PC-3
11838,RT4
11839,RT4
11840,HEK 293
11841,CACO-2
11842,HEK 293
11843,RT4
11844,HEK 293
11845,U-251 MG
11846,HEK 293
11847,HEK 293
11848,CACO-2
11849,RT4
11850,RT4
11851,U-251 MG
11852,HEK 293
11853,U-2 OS
11854,MCF7
11855,MCF7
11856,U-251 MG
11857,RT4
11858,HEK 293
11859,CACO-2
11860,PC-3
11861,RT4
11862,RT4
11863,PC-3
11864,HeLa
11865,MCF7
11866,HeLa
11867,CACO-2
11868,PC-3
11869,RT4
11870,HEK 293
11871,RT4
11872,U-2 OS
11873,A549
11874,MCF7
11875,RT4
11876,HeLa
11877,HEK 293
11878,PC-3
11879,RT4
11880,RT4
11881,A549
11882,HeLa
11883,CACO-2
11884,RT4
11885,RT4
11886,U-251 MG
11887,U-251 MG
11888,PC-3
11889,PC-3
11890,HEK 293
11891,HEK 293
11892,RT4
11893,HEK 293
11894,HeLa
11895,CACO-2
11896,RT4
11897,HeLa
11898,U-251 MG
11899,MCF7
11900,RT4
11901,PC-3
11902,U-2 OS
11903,CACO-2
11904,A549
11905,U-251 MG
11906,RT4
11907,U-2 OS
11908,HEK 293
11909,MCF7
11910,CACO-2
11911,U-251 MG
11912,CACO-2
11913,U-251 MG
11914,A549
11915,CACO-2
11916,CACO-2
11917,MCF7
11918,PC-3
11919,HeLa
11920,PC-3
11921,MCF7
11922,U-2 OS
11923,U-2 OS
11924,RT4
11925,HEK 293
11926,HEK 293
11927,CACO-2
11928,RT4
11929,HeLa
11930,MCF7
11931,CACO-2
11932,PC-3
11933,HeLa
11934,MCF7
11935,CACO-2
11936,HEK 293
11937,U-251 MG
11938,U-2 OS
11939,U-251 MG
11940,U-2 OS
11941,U-251 MG
11942,RT4
11943,HeLa
11944,RT4
11945,HeLa
11946,PC-3
11947,MCF7
11948,U-2 OS
11949,CACO-2
11950,RT4
11951,HEK 293
11952,U-2 OS
11953,RT4
11954,A549
11955,CACO-2
11956,PC-3
11957,U-251 MG
11958,MCF7
11959,HeLa
11960,CACO-2
11961,MCF7
11962,U-2 OS
11963,MCF7
11964,U-251 MG
11965,RT4
11966,RT4
11967,U-2 OS
11968,PC-3
11969,PC-3
11970,PC-3
11971,RT4
11972,CACO-2
11973,HEK 293
11974,HEK 293
11975,RT4
11976,HEK 293
11977,HEK 293
11978,HEK 293
11979,PC-3
11980,HEK 293
11981,HeLa
11982,A549
11983,RT4
11984,RT4
11985,HEK 293
11986,RT4
11987,RT4
11988,HEK 293
11989,RT4
11990,MCF7
11991,MCF7
11992,MCF7
11993,HEK 293
11994,HeLa
11995,RT4
11996,A549
11997,U-2 OS
11998,MCF7
11999,CACO-2
12000,CACO-2
12001,HEK 293
12002,RT4
12003,CACO-2
12004,HEK 293
12005,A549
12006,HeLa
12007,RT4
12008,HEK 293
12009,A549
12010,MCF7
12011,RT4
12012,CACO-2
12013,CACO-2
12014,CACO-2
12015,RT4
12016,U-2 OS
12017,HEK 293
12018,RT4
12019,HeLa
12020,HEK 293
12021,HEK 293
12022,HEK 293
12023,RT4
12024,PC-3
12025,RT4
12026,CACO-2
12027,MCF7
12028,RT4
12029,U-251 MG
12030,RT4
12031,MCF7
12032,U-2 OS
12033,HEK 293
12034,RT4
12035,U-2 OS
12036,RT4
12037,RT4
12038,HEK 293
12039,CACO-2
12040,RT4
12041,HeLa
12042,HEK 293
12043,A549
12044,RT4
12045,MCF7
12046,PC-3
12047,MCF7
12048,HEK 293
12049,RT4
12050,MCF7
12051,HeLa
12052,RT4
12053,HeLa
12054,MCF7
12055,RT4
12056,MCF7
12057,MCF7
12058,RT4
12059,RT4
12060,RT4
12061,CACO-2
12062,RT4
12063,RT4
12064,RT4
12065,RT4
12066,HEK 293
12067,RT4
12068,CACO-2
12069,U-2 OS
12070,U-2 OS
12071,CACO-2
12072,MCF7
12073,HEK 293
12074,CACO-2
12075,U-251 MG
12076,RT4
12077,MCF7
12078,HeLa
12079,RT4
12080,RT4
12081,MCF7
12082,RT4
12083,U-251 MG
12084,RT4
12085,HEK 293
12086,U-251 MG
12087,U-251 MG
12088,RT4
12089,U-2 OS
12090,U-2 OS
12091,HEK 293
12092,HEK 293
12093,CACO-2
12094,RT4
12095,CACO-2
12096,PC-3
12097,MCF7
12098,CACO-2
12099,U-251 MG
12100,MCF7
12101,RT4
12102,A549
12103,HEK 293
12104,RT4
12105,HEK 293
12106,A549
12107,HEK 293
12108,CACO-2
12109,RT4
12110,MCF7
12111,U-251 MG
12112,CACO-2
12113,HEK 293
12114,PC-3
12115,U-2 OS
12116,RT4
12117,HEK 293
12118,A549
12119,PC-3
12120,RT4
12121,CACO-2
12122,A549
12123,U-2 OS
12124,U-2 OS
12125,U-251 MG
12126,PC-3
12127,MCF7
12128,HEK 293
12129,HEK 293
12130,RT4
12131,RT4
12132,U-2 OS
12133,U-2 OS
12134,RT4
12135,RT4
12136,HEK 293
12137,U-2 OS
12138,MCF7
12139,RT4
12140,A549
12141,A549
12142,CACO-2
12143,HeLa
12144,CACO-2
12145,A549
12146,CACO-2
12147,RT4
12148,U-251 MG
12149,U-2 OS
12150,U-251 MG
12151,RT4
12152,CACO-2
12153,U-2 OS
12154,HeLa
12155,RT4
12156,CACO-2
12157,MCF7
12158,MCF7
12159,PC-3
12160,U-2 OS
12161,HEK 293
12162,RT4
12163,A549
12164,PC-3
12165,RT4
12166,CACO-2
12167,MCF7
12168,HeLa
12169,U-2 OS
12170,HeLa
12171,A549
12172,MCF7
12173,RT4
12174,CACO-2
12175,U-251 MG
12176,U-2 OS
12177,HEK 293
12178,PC-3
12179,CACO-2
12180,MCF7
12181,RT4
12182,MCF7
12183,U-2 OS
12184,A549
12185,HEK 293
12186,PC-3
12187,RT4
12188,U-2 OS
12189,U-251 MG
12190,MCF7
12191,CACO-2
12192,MCF7
12193,HEK 293
12194,RT4
12195,U-2 OS
12196,RT4
12197,A549
12198,CACO-2
12199,U-251 MG
12200,U-251 MG
12201,HEK 293
12202,RT4
12203,MCF7
12204,CACO-2
12205,U-251 MG
12206,HEK 293
12207,HEK 293
12208,CACO-2
12209,CACO-2
12210,CACO-2
12211,HeLa
12212,CACO-2
12213,U-2 OS
12214,MCF7
12215,HEK 293
12216,U-2 OS
12217,RT4
12218,RT4
12219,CACO-2
12220,U-2 OS
12221,HeLa
12222,PC-3
12223,HEK 293
12224,RT4
12225,CACO-2
12226,HeLa
12227,MCF7
12228,HEK 293
12229,U-2 OS
12230,U-251 MG
12231,A549
12232,HeLa
12233,MCF7
12234,MCF7
12235,RT4
12236,HEK 293
12237,CACO-2
12238,RT4
12239,HEK 293
12240,CACO-2
12241,HEK 293
12242,PC-3
12243,RT4
12244,RT4
12245,PC-3
12246,CACO-2
12247,RT4
12248,RT4
12249,RT4
12250,U-251 MG
12251,HEK 293
12252,U-2 OS
12253,CACO-2
12254,U-2 OS
12255,PC-3
12256,HEK 293
12257,CACO-2
12258,CACO-2
12259,HEK 293
12260,HEK 293
12261,PC-3
12262,MCF7
12263,PC-3
12264,MCF7
12265,HeLa
12266,HeLa
12267,RT4
12268,PC-3
12269,U-2 OS
12270,HEK 293
12271,HeLa
12272,RT4
12273,HEK 293
12274,U-2 OS
12275,U-251 MG
12276,MCF7
12277,PC-3
12278,MCF7
12279,RT4
12280,RT4
12281,HEK 293
12282,MCF7
12283,CACO-2
12284,HEK 293
12285,MCF7
12286,RT4
12287,CACO-2
12288,HEK 293
12289,PC-3
12290,HEK 293
12291,U-251 MG
12292,A549
12293,RT4
12294,U-251 MG
12295,U-2 OS
12296,A549
12297,RT4
12298,CACO-2
12299,HEK 293
12300,MCF7
12301,HEK 293
12302,RT4
12303,CACO-2
12304,RT4
12305,U-251 MG
12306,RT4
12307,U-2 OS
12308,U-2 OS
12309,PC-3
12310,HEK 293
12311,HEK 293
12312,RT4
12313,HEK 293
12314,HeLa
12315,HEK 293
12316,RT4
12317,MCF7
12318,CACO-2
12319,RT4
12320,RT4
12321,A549
12322,RT4
12323,RT4
12324,CACO-2
12325,RT4
12326,U-2 OS
12327,RT4
12328,CACO-2
12329,RT4
12330,HEK 293
12331,CACO-2
12332,A549
12333,CACO-2
12334,A549
12335,U-2 OS
12336,HeLa
12337,U-2 OS
12338,MCF7
12339,HEK 293
12340,HEK 293
12341,CACO-2
12342,U-251 MG
12343,A549
12344,RT4
12345,HEK 293
12346,MCF7
12347,HEK 293
12348,HEK 293
12349,HEK 293
12350,HEK 293
12351,HeLa
12352,RT4
12353,MCF7
12354,MCF7
12355,RT4
12356,HeLa
12357,MCF7
12358,CACO-2
12359,RT4
12360,U-2 OS
12361,U-251 MG
12362,RT4
12363,PC-3
12364,A549
12365,HEK 293
12366,PC-3
12367,PC-3
12368,CACO-2
12369,CACO-2
12370,PC-3
12371,CACO-2
12372,RT4
12373,RT4
12374,RT4
12375,U-251 MG
12376,A549
12377,U-251 MG
12378,CACO-2
12379,MCF7
12380,PC-3
12381,RT4
12382,CACO-2
12383,HEK 293
12384,PC-3
12385,HEK 293
12386,HeLa
12387,U-251 MG
12388,HEK 293
12389,RT4
12390,A549
12391,PC-3
12392,MCF7
12393,CACO-2
12394,HEK 293
12395,HEK 293
12396,CACO-2
12397,RT4
12398,U-2 OS
12399,RT4
12400,HEK 293
12401,HEK 293
12402,PC-3
12403,RT4
12404,A549
12405,PC-3
12406,RT4
12407,RT4
12408,CACO-2
12409,CACO-2
12410,U-251 MG
12411,RT4
12412,HeLa
12413,CACO-2
12414,RT4
12415,MCF7
12416,HEK 293
12417,A549
12418,HeLa
12419,RT4
12420,MCF7
12421,A549
12422,U-2 OS
12423,MCF7
12424,HEK 293
12425,CACO-2
12426,CACO-2
12427,A549
12428,CACO-2
12429,HeLa
12430,A549
12431,RT4
12432,RT4
12433,RT4
12434,RT4
12435,CACO-2
12436,CACO-2
12437,CACO-2
12438,CACO-2
12439,CACO-2
12440,RT4
12441,HeLa
12442,MCF7
12443,RT4
12444,U-251 MG
12445,RT4
12446,MCF7
12447,HEK 293
12448,A549
12449,HEK 293
12450,MCF7
12451,PC-3
12452,HEK 293
12453,U-2 OS
12454,CACO-2
12455,RT4
12456,U-251 MG
12457,RT4
12458,U-2 OS
12459,PC-3
12460,U-251 MG
12461,PC-3
12462,CACO-2
12463,HeLa
12464,PC-3
12465,HEK 293
12466,U-2 OS
12467,U-2 OS
12468,PC-3
12469,U-251 MG
12470,U-2 OS
12471,HEK 293
12472,U-251 MG
12473,CACO-2
12474,RT4
12475,U-251 MG
12476,MCF7
12477,U-2 OS
12478,U-251 MG
12479,HEK 293
12480,U-251 MG
12481,A549
12482,RT4
12483,RT4
12484,U-251 MG
12485,HEK 293
12486,HEK 293
12487,CACO-2
12488,CACO-2
12489,RT4
12490,RT4
12491,CACO-2
12492,MCF7
12493,HeLa
12494,CACO-2
12495,A549
12496,CACO-2
12497,MCF7
12498,PC-3
12499,RT4
12500,PC-3
12501,CACO-2
12502,A549
12503,RT4
12504,CACO-2
12505,RT4
12506,A549
12507,CACO-2
12508,RT4
12509,MCF7
12510,CACO-2
12511,HEK 293
12512,RT4
12513,RT4
12514,HEK 293
12515,A549
12516,PC-3
12517,CACO-2
12518,A549
12519,CACO-2
12520,RT4
12521,RT4
12522,RT4
12523,U-2 OS
12524,CACO-2
12525,PC-3
12526,HEK 293
12527,CACO-2
12528,HEK 293
12529,U-2 OS
12530,U-251 MG
12531,U-2 OS
12532,CACO-2
12533,PC-3
12534,HEK 293
12535,RT4
12536,U-2 OS
12537,A549
12538,CACO-2
12539,RT4
12540,CACO-2
12541,A549
12542,RT4
12543,U-251 MG
12544,HEK 293
12545,A549
12546,RT4
12547,CACO-2
12548,CACO-2
12549,MCF7
12550,HEK 293
12551,HEK 293
12552,HEK 293
12553,PC-3
12554,HEK 293
12555,HEK 293
12556,A549
12557,RT4
12558,MCF7
12559,MCF7
12560,A549
12561,CACO-2
12562,HeLa
12563,RT4
12564,A549
12565,HEK 293
12566,PC-3
12567,CACO-2
12568,RT4
12569,U-2 OS
12570,CACO-2
12571,RT4
12572,RT4
12573,RT4
12574,CACO-2
12575,RT4
12576,HeLa
12577,RT4
12578,U-2 OS
12579,RT4
12580,HEK 293
12581,U-251 MG
12582,HeLa
12583,U-2 OS
12584,A549
12585,CACO-2
12586,CACO-2
12587,RT4
12588,PC-3
12589,MCF7
12590,HEK 293
12591,HeLa
12592,HEK 293
12593,HeLa
12594,RT4
12595,HEK 293
12596,CACO-2
12597,CACO-2
12598,CACO-2
12599,RT4
12600,U-2 OS
12601,RT4
12602,MCF7
12603,MCF7
12604,RT4
12605,CACO-2
12606,CACO-2
12607,HEK 293
12608,HeLa
12609,CACO-2
12610,CACO-2
12611,U-2 OS
12612,RT4
12613,U-2 OS
12614,RT4
12615,PC-3
12616,U-2 OS
12617,RT4
12618,U-251 MG
12619,A549
12620,RT4
12621,PC-3
12622,PC-3
12623,CACO-2
12624,CACO-2
12625,CACO-2
12626,HEK 293
12627,U-251 MG
12628,U-251 MG
12629,U-251 MG
12630,MCF7
12631,A549
12632,RT4
12633,MCF7
12634,RT4
12635,RT4
12636,HEK 293
12637,U-251 MG
12638,U-2 OS
12639,U-251 MG
12640,U-251 MG
12641,CACO-2
12642,RT4
12643,PC-3
12644,HEK 293
12645,RT4
12646,PC-3
12647,CACO-2
12648,HEK 293
12649,A549
12650,CACO-2
12651,U-2 OS
12652,HEK 293
12653,MCF7
12654,U-251 MG
12655,HEK 293
12656,RT4
12657,HEK 293
12658,HEK 293
12659,PC-3
12660,U-251 MG
12661,PC-3
12662,CACO-2
12663,RT4
12664,U-251 MG
12665,U-251 MG
12666,RT4
12667,CACO-2
12668,CACO-2
12669,RT4
12670,RT4
12671,RT4
12672,MCF7
12673,CACO-2
12674,A549
12675,CACO-2
12676,RT4
12677,U-2 OS
12678,HeLa
12679,U-251 MG
12680,CACO-2
12681,U-251 MG
12682,CACO-2
12683,MCF7
12684,HEK 293
12685,HEK 293
12686,PC-3
12687,RT4
12688,HEK 293
12689,U-2 OS
12690,U-251 MG
12691,RT4
12692,CACO-2
12693,MCF7
12694,CACO-2
12695,PC-3
12696,HEK 293
12697,U-251 MG
12698,RT4
12699,MCF7
12700,A549
12701,A549
12702,U-2 OS
12703,MCF7
12704,U-251 MG
12705,CACO-2
12706,U-251 MG
12707,RT4
12708,CACO-2
12709,U-251 MG
12710,CACO-2
12711,A549
12712,U-251 MG
12713,RT4
12714,RT4
12715,RT4
12716,CACO-2
12717,MCF7
12718,CACO-2
12719,MCF7
12720,RT4
12721,U-251 MG
12722,RT4
12723,CACO-2
12724,RT4
12725,U-251 MG
12726,U-2 OS
12727,U-2 OS
12728,A549
12729,CACO-2
12730,CACO-2
12731,MCF7
12732,HeLa
12733,RT4
12734,U-2 OS
12735,MCF7
12736,MCF7
12737,U-2 OS
12738,MCF7
12739,U-2 OS
12740,PC-3
12741,RT4
12742,PC-3
12743,RT4
12744,MCF7
12745,RT4
12746,U-2 OS
12747,HeLa
12748,U-251 MG
12749,RT4
12750,RT4
12751,RT4
12752,RT4
12753,U-251 MG
12754,RT4
12755,HEK 293
12756,RT4
12757,U-251 MG
12758,PC-3
12759,CACO-2
12760,CACO-2
12761,MCF7
12762,A549
12763,RT4
12764,PC-3
12765,U-2 OS
12766,U-251 MG
12767,RT4
12768,HeLa
12769,HEK 293
12770,PC-3
12771,U-251 MG
12772,CACO-2
12773,PC-3
12774,CACO-2
12775,HEK 293
12776,HeLa
12777,HEK 293
12778,CACO-2
12779,MCF7
12780,HeLa
12781,PC-3
12782,HEK 293
12783,U-251 MG
12784,MCF7
12785,HEK 293
12786,PC-3
12787,U-2 OS
12788,PC-3
12789,U-251 MG
12790,CACO-2
12791,U-251 MG
12792,U-2 OS
12793,HEK 293
12794,RT4
12795,HEK 293
12796,RT4
12797,RT4
12798,HeLa
12799,PC-3
12800,HEK 293
12801,CACO-2
12802,MCF7
12803,RT4
12804,HEK 293
12805,RT4
12806,RT4
12807,MCF7
12808,RT4
12809,U-2 OS
12810,RT4
12811,CACO-2
12812,CACO-2
12813,MCF7
12814,A549
12815,RT4
12816,HeLa
12817,A549
12818,RT4
12819,PC-3
12820,PC-3
12821,HeLa
12822,CACO-2
12823,MCF7
12824,U-2 OS
12825,RT4
12826,U-251 MG
12827,RT4
12828,CACO-2
12829,HeLa
12830,RT4
12831,U-2 OS
12832,CACO-2
12833,PC-3
12834,RT4
12835,MCF7
12836,PC-3
12837,U-251 MG
12838,RT4
12839,CACO-2
12840,U-251 MG
12841,PC-3
12842,RT4
12843,HEK 293
12844,RT4
12845,RT4
12846,CACO-2
12847,RT4
12848,RT4
12849,U-2 OS
12850,U-251 MG
12851,MCF7
12852,PC-3
12853,MCF7
12854,CACO-2
12855,PC-3
12856,HEK 293
12857,MCF7
12858,U-251 MG
12859,RT4
12860,RT4
12861,HeLa
12862,A549
12863,U-2 OS
12864,RT4
12865,HEK 293
12866,U-2 OS
12867,CACO-2
12868,U-2 OS
12869,MCF7
12870,U-251 MG
12871,RT4
12872,RT4
12873,HEK 293
12874,A549
12875,U-251 MG
12876,A549
12877,U-2 OS
12878,HEK 293
12879,MCF7
12880,CACO-2
12881,CACO-2
12882,PC-3
12883,U-251 MG
12884,U-2 OS
12885,MCF7
12886,HEK 293
12887,PC-3
12888,A549
12889,RT4
12890,A549
12891,HEK 293
12892,RT4
12893,HEK 293
12894,CACO-2
12895,HEK 293
12896,A549
12897,U-2 OS
12898,HEK 293
12899,HEK 293
12900,RT4
12901,RT4
12902,MCF7
12903,RT4
12904,CACO-2
12905,U-251 MG
12906,MCF7
12907,RT4
12908,CACO-2
12909,MCF7
12910,A549
12911,HEK 293
12912,PC-3
12913,HEK 293
12914,CACO-2
12915,HeLa
12916,MCF7
12917,U-251 MG
12918,CACO-2
12919,HEK 293
12920,RT4
12921,CACO-2
12922,A549
12923,HEK 293
12924,U-251 MG
12925,U-2 OS
12926,CACO-2
12927,RT4
12928,MCF7
12929,RT4
12930,MCF7
12931,CACO-2
12932,RT4
12933,PC-3
12934,RT4
12935,RT4
12936,HEK 293
12937,RT4
12938,HEK 293
12939,CACO-2
12940,CACO-2
12941,PC-3
12942,U-2 OS
12943,RT4
12944,MCF7
12945,CACO-2
12946,U-2 OS
12947,MCF7
12948,MCF7
12949,HEK 293
12950,PC-3
12951,RT4
12952,MCF7
12953,U-2 OS
12954,RT4
12955,U-251 MG
12956,MCF7
12957,HEK 293
12958,RT4
12959,MCF7
12960,CACO-2
12961,HEK 293
12962,U-251 MG
12963,RT4
12964,PC-3
12965,RT4
12966,A549
12967,HeLa
12968,CACO-2
12969,PC-3
12970,RT4
12971,RT4
12972,CACO-2
12973,U-251 MG
12974,RT4
12975,RT4
12976,CACO-2
12977,RT4
12978,HEK 293
12979,CACO-2
12980,RT4
12981,RT4
12982,MCF7
12983,U-2 OS
12984,HEK 293
12985,CACO-2
12986,HEK 293
12987,HEK 293
12988,CACO-2
12989,CACO-2
12990,MCF7
12991,RT4
12992,A549
12993,U-2 OS
12994,RT4
12995,A549
12996,HEK 293
12997,HeLa
12998,CACO-2
12999,HEK 293
13000,RT4
13001,RT4
13002,RT4
13003,RT4
13004,U-2 OS
13005,U-251 MG
13006,CACO-2
13007,RT4
13008,RT4
13009,CACO-2
13010,PC-3
13011,CACO-2
13012,HEK 293
13013,A549
13014,A549
13015,U-2 OS
13016,PC-3
13017,A549
13018,A549
13019,HEK 293
13020,MCF7
13021,MCF7
13022,A549
13023,CACO-2
13024,MCF7
13025,RT4
13026,HeLa
13027,RT4
13028,PC-3
13029,A549
13030,CACO-2
13031,HEK 293
13032,U-251 MG
13033,RT4
13034,RT4
13035,HEK 293
13036,U-2 OS
13037,CACO-2
13038,CACO-2
13039,RT4
13040,CACO-2
13041,A549
13042,PC-3
13043,CACO-2
13044,MCF7
13045,HeLa
13046,HEK 293
13047,HeLa
13048,RT4
13049,MCF7
13050,U-2 OS
13051,CACO-2
13052,HEK 293
13053,CACO-2
13054,HeLa
13055,CACO-2
13056,CACO-2
13057,U-251 MG
13058,HeLa
13059,HEK 293
13060,HEK 293
13061,RT4
13062,HEK 293
13063,HEK 293
13064,PC-3
13065,A549
13066,U-2 OS
13067,RT4
13068,RT4
13069,MCF7
13070,HeLa
13071,U-2 OS
13072,PC-3
13073,A549
13074,RT4
13075,RT4
13076,MCF7
13077,CACO-2
13078,RT4
13079,HeLa
13080,HEK 293
13081,CACO-2
13082,HEK 293
13083,MCF7
13084,RT4
13085,HEK 293
13086,U-2 OS
13087,MCF7
13088,CACO-2
13089,HEK 293
13090,A549
13091,U-2 OS
13092,A549
13093,CACO-2
13094,U-2 OS
13095,RT4
13096,HEK 293
13097,MCF7
13098,HEK 293
13099,CACO-2
13100,RT4
13101,U-2 OS
13102,HEK 293
13103,CACO-2
13104,MCF7
13105,PC-3
13106,HEK 293
13107,CACO-2
13108,HEK 293
13109,MCF7
13110,U-251 MG
13111,MCF7
13112,MCF7
13113,RT4
13114,HeLa
13115,HEK 293
13116,MCF7
13117,PC-3
13118,MCF7
13119,RT4
13120,RT4
13121,CACO-2
13122,U-251 MG
13123,CACO-2
13124,HeLa
13125,CACO-2
13126,MCF7
13127,U-2 OS
13128,HEK 293
13129,U-251 MG
13130,RT4
13131,HEK 293
13132,RT4
13133,CACO-2
13134,CACO-2
13135,RT4
13136,U-2 OS
13137,MCF7
13138,CACO-2
13139,U-2 OS
13140,MCF7
13141,U-2 OS
13142,MCF7
13143,A549
13144,MCF7
13145,CACO-2
13146,RT4
13147,PC-3
13148,RT4
13149,A549
13150,MCF7
13151,RT4
13152,U-251 MG
13153,RT4
13154,U-2 OS
13155,U-251 MG
13156,RT4
13157,PC-3
13158,U-251 MG
13159,CACO-2
13160,U-2 OS
13161,A549
13162,RT4
13163,A549
13164,HeLa
13165,U-2 OS
13166,RT4
13167,MCF7
13168,CACO-2
13169,RT4
13170,CACO-2
13171,PC-3
13172,PC-3
13173,CACO-2
13174,RT4
13175,HEK 293
13176,MCF7
13177,RT4
13178,CACO-2
13179,MCF7
13180,U-251 MG
13181,A549
13182,RT4
13183,RT4
13184,HEK 293
13185,U-2 OS
13186,RT4
13187,U-251 MG
13188,PC-3
13189,RT4
13190,PC-3
13191,CACO-2
13192,HeLa
13193,U-2 OS
13194,CACO-2
13195,HEK 293
13196,U-251 MG
13197,U-2 OS
13198,CACO-2
13199,HEK 293
13200,CACO-2
13201,A549
13202,U-251 MG
13203,A549
13204,A549
13205,MCF7
13206,PC-3
13207,HeLa
13208,RT4
13209,MCF7
13210,HeLa
13211,A549
13212,RT4
13213,RT4
13214,PC-3
13215,HeLa
13216,U-251 MG
13217,U-251 MG
13218,PC-3
13219,A549
13220,PC-3
13221,U-251 MG
13222,HEK 293
13223,CACO-2
13224,RT4
13225,HEK 293
13226,MCF7
13227,U-2 OS
13228,HEK 293
13229,PC-3
13230,CACO-2
13231,CACO-2
13232,RT4
13233,RT4
13234,U-2 OS
13235,RT4
13236,CACO-2
13237,PC-3
13238,RT4
13239,A549
13240,RT4
13241,HEK 293
13242,CACO-2
13243,A549
13244,MCF7
13245,A549
13246,HeLa
13247,PC-3
13248,CACO-2
13249,CACO-2
13250,A549
13251,A549
13252,U-251 MG
13253,HEK 293
13254,RT4
13255,PC-3
13256,PC-3
13257,U-251 MG
13258,U-2 OS
13259,CACO-2
13260,CACO-2
13261,RT4
13262,HeLa
13263,HeLa
13264,HeLa
13265,U-251 MG
13266,MCF7
13267,CACO-2
13268,CACO-2
13269,PC-3
13270,CACO-2
13271,PC-3
13272,CACO-2
13273,RT4
13274,CACO-2
13275,HeLa
13276,CACO-2
13277,U-251 MG
13278,A549
13279,RT4
13280,U-251 MG
13281,MCF7
13282,PC-3
13283,U-251 MG
13284,MCF7
13285,HEK 293
13286,CACO-2
13287,HEK 293
13288,A549
13289,MCF7
13290,MCF7
13291,CACO-2
13292,CACO-2
13293,CACO-2
13294,U-2 OS
13295,A549
13296,CACO-2
13297,HeLa
13298,HEK 293
13299,RT4
13300,U-251 MG
13301,U-251 MG
13302,RT4
13303,HeLa
13304,PC-3
13305,U-251 MG
13306,RT4
13307,MCF7
13308,CACO-2
13309,U-251 MG
13310,CACO-2
13311,HEK 293
13312,HEK 293
13313,PC-3
13314,CACO-2
13315,PC-3
13316,A549
13317,U-2 OS
13318,PC-3
13319,U-251 MG
13320,HeLa
13321,PC-3
13322,A549
13323,RT4
13324,MCF7
13325,RT4
13326,RT4
13327,A549
13328,RT4
13329,RT4
13330,RT4
13331,PC-3
13332,RT4
13333,MCF7
13334,A549
13335,U-2 OS
13336,RT4
13337,CACO-2
13338,HeLa
13339,CACO-2
13340,HEK 293
13341,CACO-2
13342,RT4
13343,CACO-2
13344,MCF7
13345,CACO-2
13346,RT4
13347,CACO-2
13348,CACO-2
13349,A549
13350,RT4
13351,U-251 MG
13352,U-251 MG
13353,CACO-2
13354,HeLa
13355,RT4
13356,RT4
13357,HEK 293
13358,MCF7
13359,CACO-2
13360,MCF7
13361,HEK 293
13362,HeLa
13363,MCF7
13364,RT4
13365,U-251 MG
13366,RT4
13367,HEK 293
13368,HEK 293
13369,HEK 293
13370,CACO-2
13371,PC-3
13372,PC-3
13373,RT4
13374,RT4
13375,U-2 OS
13376,MCF7
13377,HEK 293
13378,HEK 293
13379,U-251 MG
13380,U-251 MG
13381,HEK 293
13382,U-251 MG
13383,U-251 MG
13384,MCF7
13385,U-2 OS
13386,PC-3
13387,CACO-2
13388,MCF7
13389,RT4
13390,MCF7
13391,U-251 MG
13392,A549
13393,A549
13394,CACO-2
13395,HEK 293
13396,RT4
13397,RT4
13398,U-251 MG
13399,MCF7
13400,HEK 293
13401,MCF7
13402,CACO-2
13403,U-251 MG
13404,HEK 293
13405,CACO-2
13406,HEK 293
13407,HeLa
13408,RT4
13409,RT4
13410,RT4
13411,U-2 OS
13412,HEK 293
13413,RT4
13414,MCF7
13415,U-251 MG
13416,CACO-2
13417,PC-3
13418,HEK 293
13419,HeLa
13420,MCF7
13421,CACO-2
13422,HEK 293
13423,CACO-2
13424,MCF7
13425,CACO-2
13426,MCF7
13427,HEK 293
13428,PC-3
13429,U-251 MG
13430,PC-3
13431,RT4
13432,U-2 OS
13433,MCF7
13434,A549
13435,RT4
13436,HeLa
13437,CACO-2
13438,CACO-2
13439,MCF7
13440,CACO-2
13441,RT4
13442,HEK 293
13443,HeLa
13444,PC-3
13445,RT4
13446,PC-3
13447,MCF7
13448,U-251 MG
13449,CACO-2
13450,U-2 OS
13451,U-2 OS
13452,HeLa
13453,RT4
13454,PC-3
13455,U-251 MG
13456,CACO-2
13457,HeLa
13458,U-251 MG
13459,A549
13460,RT4
13461,U-2 OS
13462,MCF7
13463,MCF7
13464,U-2 OS
13465,HeLa
13466,CACO-2
13467,MCF7
13468,MCF7
13469,HEK 293
13470,HeLa
13471,RT4
13472,HeLa
13473,A549
13474,CACO-2
13475,CACO-2
13476,RT4
13477,CACO-2
13478,RT4
13479,U-251 MG
13480,HEK 293
13481,CACO-2
13482,U-251 MG
13483,CACO-2
13484,RT4
13485,MCF7
13486,RT4
13487,HeLa
13488,HEK 293
13489,MCF7
13490,U-251 MG
13491,HeLa
13492,U-251 MG
13493,HEK 293
13494,RT4
13495,CACO-2
13496,RT4
13497,HeLa
13498,RT4
13499,PC-3
13500,RT4
13501,U-2 OS
13502,HEK 293
13503,CACO-2
13504,RT4
13505,RT4
13506,PC-3
13507,RT4
13508,U-2 OS
13509,U-2 OS
13510,PC-3
13511,MCF7
13512,HEK 293
13513,A549
13514,PC-3
13515,RT4
13516,U-2 OS
13517,RT4
13518,MCF7
13519,PC-3
13520,RT4
13521,U-251 MG
13522,HEK 293
13523,RT4
13524,CACO-2
13525,HEK 293
13526,MCF7
13527,MCF7
13528,CACO-2
13529,U-2 OS
13530,U-2 OS
13531,U-251 MG
13532,CACO-2
13533,HEK 293
13534,MCF7
13535,U-251 MG
13536,A549
13537,U-251 MG
13538,CACO-2
13539,MCF7
13540,HeLa
13541,CACO-2
13542,HEK 293
13543,U-2 OS
13544,RT4
13545,A549
13546,CACO-2
13547,HEK 293
13548,CACO-2
13549,A549
13550,CACO-2
13551,HEK 293
13552,MCF7
13553,U-251 MG
13554,U-2 OS
13555,HEK 293
13556,A549
13557,MCF7
13558,MCF7
13559,CACO-2
13560,U-251 MG
13561,RT4
13562,MCF7
13563,U-2 OS
13564,U-251 MG
13565,U-251 MG
13566,MCF7
13567,U-251 MG
13568,CACO-2
13569,MCF7
13570,HEK 293
13571,U-2 OS
13572,RT4
13573,U-2 OS
13574,PC-3
13575,HEK 293
13576,MCF7
13577,U-251 MG
13578,PC-3
13579,MCF7
13580,HEK 293
13581,HeLa
13582,RT4
13583,CACO-2
13584,HEK 293
13585,HEK 293
13586,CACO-2
13587,A549
13588,MCF7
13589,CACO-2
13590,PC-3
13591,CACO-2
13592,CACO-2
13593,RT4
13594,HEK 293
13595,MCF7
13596,U-251 MG
13597,RT4
13598,HEK 293
13599,CACO-2
13600,PC-3
13601,RT4
13602,U-251 MG
13603,U-251 MG
13604,RT4
13605,RT4
13606,U-251 MG
13607,CACO-2
13608,U-2 OS
13609,MCF7
13610,U-251 MG
13611,HEK 293
13612,RT4
13613,HEK 293
13614,A549
13615,CACO-2
13616,CACO-2
13617,RT4
13618,U-2 OS
13619,CACO-2
13620,U-251 MG
13621,U-251 MG
13622,RT4
13623,RT4
13624,PC-3
13625,HEK 293
13626,RT4
13627,HEK 293
13628,MCF7
13629,CACO-2
13630,HEK 293
13631,A549
13632,U-251 MG
13633,HEK 293
13634,U-251 MG
13635,MCF7
13636,PC-3
13637,RT4
13638,RT4
13639,U-251 MG
13640,U-251 MG
13641,U-2 OS
13642,U-2 OS
13643,U-2 OS
13644,HEK 293
13645,PC-3
13646,PC-3
13647,CACO-2
13648,CACO-2
13649,MCF7
13650,CACO-2
13651,CACO-2
13652,RT4
13653,U-251 MG
13654,RT4
13655,A549
13656,PC-3
13657,HEK 293
13658,RT4
13659,RT4
13660,U-251 MG
13661,PC-3
13662,MCF7
13663,A549
13664,MCF7
13665,HEK 293
13666,A549
13667,RT4
13668,A549
13669,RT4
13670,U-2 OS
13671,CACO-2
13672,MCF7
13673,HEK 293
13674,A549
13675,CACO-2
13676,U-2 OS
13677,RT4
13678,CACO-2
13679,U-2 OS
13680,CACO-2
13681,RT4
13682,CACO-2
13683,RT4
13684,HEK 293
13685,RT4
13686,CACO-2
13687,RT4
13688,PC-3
13689,U-2 OS
13690,U-251 MG
13691,PC-3
13692,MCF7
13693,RT4
13694,A549
13695,RT4
13696,A549
13697,CACO-2
13698,U-251 MG
13699,PC-3
13700,MCF7
13701,MCF7
13702,U-251 MG
13703,RT4
13704,MCF7
13705,RT4
13706,U-251 MG
13707,CACO-2
13708,RT4
13709,MCF7
13710,CACO-2
13711,PC-3
13712,U-251 MG
13713,U-251 MG
13714,RT4
13715,CACO-2
13716,RT4
13717,CACO-2
13718,RT4
13719,HeLa
13720,CACO-2
13721,CACO-2
13722,U-2 OS
13723,RT4
13724,HEK 293
13725,MCF7
13726,RT4
13727,HeLa
13728,RT4
13729,U-2 OS
13730,CACO-2
13731,A549
13732,MCF7
13733,RT4
13734,RT4
13735,RT4
13736,MCF7
13737,HEK 293
13738,RT4
13739,CACO-2
13740,MCF7
13741,CACO-2
13742,U-251 MG
13743,CACO-2
13744,RT4
13745,U-2 OS
13746,RT4
13747,RT4
13748,A549
13749,U-251 MG
13750,RT4
13751,U-2 OS
13752,RT4
13753,PC-3
13754,U-251 MG
13755,HEK 293
13756,A549
13757,MCF7
13758,HEK 293
13759,PC-3
13760,CACO-2
13761,RT4
13762,HEK 293
13763,U-251 MG
13764,RT4
13765,RT4
13766,CACO-2
13767,RT4
13768,A549
13769,MCF7
13770,MCF7
13771,HEK 293
13772,HEK 293
13773,HEK 293
13774,PC-3
13775,RT4
13776,RT4
13777,U-2 OS
13778,U-251 MG
13779,MCF7
13780,CACO-2
13781,RT4
13782,MCF7
13783,U-2 OS
13784,U-2 OS
13785,MCF7
13786,HeLa
13787,CACO-2
13788,A549
13789,RT4
13790,RT4
13791,U-251 MG
13792,HeLa
13793,RT4
13794,RT4
13795,CACO-2
13796,CACO-2
13797,U-251 MG
13798,MCF7
13799,RT4
13800,HEK 293
13801,MCF7
13802,CACO-2
13803,PC-3
13804,RT4
13805,RT4
13806,HeLa
13807,A549
13808,CACO-2
13809,HEK 293
13810,RT4
13811,U-251 MG
13812,RT4
13813,U-2 OS
13814,U-251 MG
13815,A549
13816,HEK 293
13817,MCF7
13818,HEK 293
13819,U-251 MG
13820,HEK 293
13821,U-2 OS
13822,RT4
13823,RT4
13824,U-251 MG
13825,CACO-2
13826,U-251 MG
13827,HeLa
13828,CACO-2
13829,U-251 MG
13830,RT4
13831,HEK 293
13832,CACO-2
13833,HEK 293
13834,A549
13835,RT4
13836,RT4
13837,MCF7
13838,HEK 293
13839,RT4
13840,RT4
13841,U-2 OS
13842,U-251 MG
13843,MCF7
13844,CACO-2
13845,PC-3
13846,RT4
13847,CACO-2
13848,HEK 293
13849,A549
13850,RT4
13851,CACO-2
13852,CACO-2
13853,RT4
13854,CACO-2
13855,MCF7
13856,RT4
13857,U-251 MG
13858,HEK 293
13859,RT4
13860,U-2 OS
13861,U-2 OS
13862,U-2 OS
13863,A549
13864,MCF7
13865,CACO-2
13866,HEK 293
13867,MCF7
13868,MCF7
13869,RT4
13870,MCF7
13871,CACO-2
13872,MCF7
13873,HEK 293
13874,RT4
13875,CACO-2
13876,U-251 MG
13877,HEK 293
13878,CACO-2
13879,U-251 MG
13880,U-2 OS
13881,RT4
13882,CACO-2
13883,A549
13884,RT4
13885,HeLa
13886,CACO-2
13887,HEK 293
13888,U-251 MG
13889,MCF7
13890,RT4
13891,RT4
13892,PC-3
13893,CACO-2
13894,RT4
13895,RT4
13896,RT4
13897,MCF7
13898,HeLa
13899,RT4
13900,HEK 293
13901,A549
13902,PC-3
13903,CACO-2
13904,CACO-2
13905,RT4
13906,CACO-2
13907,CACO-2
13908,U-251 MG
13909,CACO-2
13910,CACO-2
13911,CACO-2
13912,RT4
13913,CACO-2
13914,A549
13915,HEK 293
13916,U-251 MG
13917,U-251 MG
13918,CACO-2
13919,PC-3
13920,A549
13921,HEK 293
13922,U-251 MG
13923,CACO-2
13924,HEK 293
13925,MCF7
13926,U-251 MG
13927,RT4
13928,RT4
13929,U-2 OS
13930,PC-3
13931,HEK 293
13932,HEK 293
13933,MCF7
13934,CACO-2
13935,U-2 OS
13936,PC-3
13937,RT4
13938,RT4
13939,RT4
13940,CACO-2
13941,HEK 293
13942,HEK 293
13943,U-251 MG
13944,PC-3
13945,HEK 293
13946,RT4
13947,U-251 MG
13948,U-2 OS
13949,CACO-2
13950,RT4
13951,PC-3
13952,U-2 OS
13953,MCF7
13954,RT4
13955,HEK 293
13956,MCF7
13957,CACO-2
13958,U-251 MG
13959,HeLa
13960,PC-3
13961,A549
13962,HeLa
13963,RT4
13964,PC-3
13965,U-251 MG
13966,PC-3
13967,PC-3
13968,MCF7
13969,A549
13970,RT4
13971,U-251 MG
13972,HeLa
13973,U-2 OS
13974,HEK 293
13975,A549
13976,RT4
13977,U-251 MG
13978,MCF7
13979,RT4
13980,RT4
13981,A549
13982,CACO-2
13983,PC-3
13984,U-251 MG
13985,CACO-2
13986,CACO-2
13987,MCF7
13988,RT4
13989,CACO-2
13990,HEK 293
13991,RT4
13992,PC-3
13993,HEK 293
13994,RT4
13995,HeLa
13996,CACO-2
13997,U-251 MG
13998,RT4
13999,CACO-2
14000,CACO-2
14001,U-251 MG
14002,RT4
14003,HeLa
14004,HEK 293
14005,U-2 OS
14006,HeLa
14007,A549
14008,HEK 293
14009,RT4
14010,A549
14011,CACO-2
14012,RT4
14013,A549
14014,CACO-2
14015,HEK 293
14016,RT4
14017,U-2 OS
14018,PC-3
14019,MCF7
14020,PC-3
14021,MCF7
14022,PC-3
14023,CACO-2
14024,RT4
14025,HEK 293
14026,CACO-2
14027,CACO-2
14028,U-251 MG
14029,HEK 293
14030,PC-3
14031,CACO-2
14032,RT4
14033,U-2 OS
14034,A549
14035,MCF7
14036,MCF7
14037,HEK 293
14038,PC-3
14039,HEK 293
14040,HEK 293
14041,PC-3
14042,RT4
14043,A549
14044,HeLa
14045,U-251 MG
14046,RT4
14047,HEK 293
14048,U-2 OS
14049,RT4
14050,CACO-2
14051,HEK 293
14052,CACO-2
14053,CACO-2
14054,U-251 MG
14055,RT4
14056,RT4
14057,HEK 293
14058,HEK 293
14059,HEK 293
14060,A549
14061,PC-3
14062,CACO-2
14063,HEK 293
14064,A549
14065,MCF7
14066,RT4
14067,CACO-2
14068,HeLa
14069,RT4
14070,PC-3
14071,PC-3
14072,CACO-2
14073,PC-3
14074,MCF7
14075,MCF7
14076,RT4
14077,HEK 293
14078,PC-3
14079,HEK 293
14080,CACO-2
14081,U-2 OS
14082,CACO-2
14083,U-251 MG
14084,MCF7
14085,RT4
14086,RT4
14087,RT4
14088,RT4
14089,RT4
14090,PC-3
14091,CACO-2
14092,RT4
14093,CACO-2
14094,CACO-2
14095,RT4
14096,U-251 MG
14097,PC-3
14098,CACO-2
14099,U-2 OS
14100,HeLa
14101,HEK 293
14102,RT4
14103,CACO-2
14104,HEK 293
14105,HeLa
14106,HeLa
14107,RT4
14108,HEK 293
14109,U-251 MG
14110,MCF7
14111,RT4
14112,MCF7
14113,CACO-2
14114,CACO-2
14115,HEK 293
14116,CACO-2
14117,PC-3
14118,RT4
14119,U-251 MG
14120,MCF7
14121,HeLa
14122,CACO-2
14123,RT4
14124,U-251 MG
14125,CACO-2
14126,RT4
14127,MCF7
14128,CACO-2
14129,HEK 293
14130,CACO-2
14131,MCF7
14132,HeLa
14133,HEK 293
14134,A549
14135,MCF7
14136,MCF7
14137,CACO-2
14138,U-251 MG
14139,A549
14140,HEK 293
14141,HeLa
14142,RT4
14143,HeLa
14144,MCF7
14145,U-251 MG
14146,U-2 OS
14147,CACO-2
14148,CACO-2
14149,A549
14150,RT4
14151,PC-3
14152,U-2 OS
14153,PC-3
14154,HEK 293
14155,CACO-2
14156,CACO-2
14157,A549
14158,RT4
14159,CACO-2
14160,A549
14161,U-251 MG
14162,RT4
14163,MCF7
14164,A549
14165,HEK 293
14166,RT4
14167,CACO-2
14168,HEK 293
14169,HeLa
14170,A549
14171,HeLa
14172,RT4
14173,MCF7
14174,HEK 293
14175,U-2 OS
14176,PC-3
14177,U-251 MG
14178,RT4
14179,A549
14180,CACO-2
14181,HeLa
14182,U-2 OS
14183,U-2 OS
14184,RT4
14185,HeLa
14186,CACO-2
14187,CACO-2
14188,U-251 MG
14189,U-251 MG
14190,U-2 OS
14191,RT4
14192,CACO-2
14193,HeLa
14194,HEK 293
14195,HEK 293
14196,U-251 MG
14197,MCF7
14198,A549
14199,HEK 293
14200,CACO-2
14201,RT4
14202,MCF7
14203,RT4
14204,CACO-2
14205,HEK 293
14206,HEK 293
14207,RT4
14208,MCF7
14209,RT4
14210,PC-3
14211,CACO-2
14212,U-251 MG
14213,MCF7
14214,CACO-2
14215,MCF7
14216,U-2 OS
14217,HEK 293
14218,RT4
14219,A549
14220,HeLa
14221,HeLa
14222,MCF7
14223,CACO-2
14224,MCF7
14225,HeLa
14226,PC-3
14227,RT4
14228,RT4
14229,U-2 OS
14230,A549
14231,U-2 OS
14232,U-2 OS
14233,RT4
14234,U-251 MG
14235,HEK 293
14236,RT4
14237,HEK 293
14238,U-2 OS
14239,U-251 MG
14240,CACO-2
14241,PC-3
14242,PC-3
14243,MCF7
14244,U-2 OS
14245,MCF7
14246,PC-3
14247,U-251 MG
14248,U-251 MG
14249,U-2 OS
14250,U-2 OS
14251,MCF7
14252,PC-3
14253,CACO-2
14254,A549
14255,CACO-2
14256,RT4
14257,MCF7
14258,RT4
14259,MCF7
14260,CACO-2
14261,CACO-2
14262,CACO-2
14263,A549
14264,MCF7
14265,PC-3
14266,U-251 MG
14267,U-2 OS
14268,U-2 OS
14269,CACO-2
14270,CACO-2
14271,A549
14272,U-251 MG
14273,U-251 MG
14274,U-2 OS
14275,HeLa
14276,HEK 293
14277,U-2 OS
14278,A549
14279,HeLa
14280,CACO-2
14281,CACO-2
14282,U-251 MG
14283,A549
14284,RT4
14285,MCF7
14286,PC-3
14287,RT4
14288,HEK 293
14289,CACO-2
14290,RT4
14291,HEK 293
14292,PC-3
14293,HEK 293
14294,MCF7
14295,RT4
14296,HEK 293
14297,HEK 293
14298,U-251 MG
14299,CACO-2
14300,RT4
14301,A549
14302,CACO-2
14303,RT4
14304,A549
14305,A549
14306,RT4
14307,HeLa
14308,MCF7
14309,CACO-2
14310,CACO-2
14311,MCF7
14312,MCF7
14313,A549
14314,MCF7
14315,RT4
14316,RT4
14317,HEK 293
14318,MCF7
14319,U-251 MG
14320,U-251 MG
14321,CACO-2
14322,CACO-2
14323,RT4
14324,RT4
14325,HEK 293
14326,U-251 MG
14327,HEK 293
14328,U-251 MG
14329,MCF7
14330,RT4
14331,RT4
14332,CACO-2
14333,A549
14334,MCF7
14335,RT4
14336,HEK 293
14337,CACO-2
14338,RT4
14339,CACO-2
14340,HEK 293
14341,RT4
14342,RT4
14343,MCF7
14344,HeLa
14345,RT4
14346,RT4
14347,MCF7
14348,RT4
14349,MCF7
14350,CACO-2
14351,A549
14352,MCF7
14353,MCF7
14354,PC-3
14355,CACO-2
14356,MCF7
14357,MCF7
14358,U-2 OS
14359,HeLa
14360,HEK 293
14361,RT4
14362,HEK 293
14363,RT4
14364,MCF7
14365,RT4
14366,A549
14367,HEK 293
14368,CACO-2
14369,CACO-2
14370,RT4
14371,CACO-2
14372,CACO-2
14373,MCF7
14374,HEK 293
14375,MCF7
14376,CACO-2
14377,MCF7
14378,HEK 293
14379,PC-3
14380,U-251 MG
14381,U-251 MG
14382,CACO-2
14383,CACO-2
14384,HEK 293
14385,CACO-2
14386,RT4
14387,CACO-2
14388,HEK 293
14389,RT4
14390,HEK 293
14391,A549
14392,U-2 OS
14393,RT4
14394,U-2 OS
14395,CACO-2
14396,HEK 293
14397,U-2 OS
14398,U-251 MG
14399,U-251 MG
14400,CACO-2
14401,RT4
14402,MCF7
14403,HeLa
14404,HeLa
14405,MCF7
14406,CACO-2
14407,HEK 293
14408,CACO-2
14409,A549
14410,MCF7
14411,A549
14412,MCF7
14413,PC-3
14414,RT4
14415,U-251 MG
14416,A549
14417,CACO-2
14418,A549
14419,HEK 293
14420,PC-3
14421,CACO-2
14422,RT4
14423,A549
14424,PC-3
14425,U-2 OS
14426,HEK 293
14427,RT4
14428,MCF7
14429,CACO-2
14430,CACO-2
14431,A549
14432,U-251 MG
14433,U-251 MG
14434,HEK 293
14435,RT4
14436,RT4
14437,MCF7
14438,MCF7
14439,CACO-2
14440,A549
14441,RT4
14442,A549
14443,RT4
14444,HEK 293
14445,MCF7
14446,RT4
14447,HEK 293
14448,RT4
14449,PC-3
14450,U-251 MG
14451,A549
14452,CACO-2
14453,HEK 293
14454,RT4
14455,RT4
14456,U-2 OS
14457,HeLa
14458,RT4
14459,RT4
14460,CACO-2
14461,U-251 MG
14462,MCF7
14463,A549
14464,U-251 MG
14465,U-2 OS
14466,MCF7
14467,CACO-2
14468,CACO-2
14469,HEK 293
14470,RT4
14471,CACO-2
14472,RT4
14473,HEK 293
14474,MCF7
14475,PC-3
14476,MCF7
14477,HeLa
14478,CACO-2
14479,PC-3
14480,A549
14481,U-2 OS
14482,MCF7
14483,CACO-2
14484,A549
14485,HEK 293
14486,CACO-2
14487,RT4
14488,PC-3
14489,U-2 OS
14490,CACO-2
14491,U-2 OS
14492,HEK 293
14493,CACO-2
14494,CACO-2
14495,CACO-2
14496,HEK 293
14497,MCF7
14498,MCF7
14499,MCF7
14500,RT4
14501,CACO-2
14502,A549
14503,RT4
14504,U-2 OS
14505,A549
14506,U-251 MG
14507,MCF7
14508,U-251 MG
14509,CACO-2
14510,U-2 OS
14511,PC-3
14512,CACO-2
14513,RT4
14514,HeLa
14515,U-2 OS
14516,HEK 293
14517,HeLa
14518,RT4
14519,HEK 293
14520,HeLa
14521,HEK 293
14522,HEK 293
14523,MCF7
14524,U-251 MG
14525,RT4
14526,MCF7
14527,RT4
14528,A549
14529,A549
14530,A549
14531,A549
14532,A549
14533,U-2 OS
14534,A549
14535,MCF7
14536,U-251 MG
14537,RT4
14538,CACO-2
14539,HeLa
14540,HEK 293
14541,MCF7
14542,U-2 OS
14543,U-251 MG
14544,RT4
14545,HEK 293
14546,CACO-2
14547,U-2 OS
14548,CACO-2
14549,RT4
14550,CACO-2
14551,RT4
14552,HEK 293
14553,HeLa
14554,RT4
14555,U-251 MG
14556,PC-3
14557,RT4
14558,A549
14559,RT4
14560,CACO-2
14561,A549
14562,CACO-2
14563,RT4
14564,CACO-2
14565,HEK 293
14566,MCF7
14567,HEK 293
14568,HEK 293
14569,CACO-2
14570,MCF7
14571,RT4
14572,HEK 293
14573,CACO-2
14574,RT4
14575,RT4
14576,HEK 293
14577,A549
14578,PC-3
14579,HEK 293
14580,CACO-2
14581,HEK 293
14582,MCF7
14583,RT4
14584,U-2 OS
14585,MCF7
14586,PC-3
14587,MCF7
14588,CACO-2
14589,RT4
14590,A549
14591,MCF7
14592,CACO-2
14593,U-251 MG
14594,CACO-2
14595,A549
14596,U-251 MG
14597,HeLa
14598,HEK 293
14599,MCF7
14600,CACO-2
14601,HEK 293
14602,U-251 MG
14603,HEK 293
14604,U-251 MG
14605,RT4
14606,PC-3
14607,CACO-2
14608,A549
14609,CACO-2
14610,U-2 OS
14611,MCF7
14612,RT4
14613,RT4
14614,U-251 MG
14615,PC-3
14616,A549
14617,A549
14618,RT4
14619,A549
14620,RT4
14621,A549
14622,MCF7
14623,HeLa
14624,CACO-2
14625,U-2 OS
14626,MCF7
14627,RT4
14628,CACO-2
14629,MCF7
14630,PC-3
14631,RT4
14632,U-251 MG
14633,HeLa
14634,CACO-2
14635,RT4
14636,CACO-2
14637,PC-3
14638,PC-3
14639,RT4
14640,CACO-2
14641,A549
14642,HEK 293
14643,PC-3
14644,MCF7
14645,RT4
14646,HEK 293
14647,PC-3
14648,HEK 293
14649,CACO-2
14650,CACO-2
14651,A549
14652,RT4
14653,MCF7
14654,CACO-2
14655,MCF7
14656,RT4
14657,MCF7
14658,CACO-2
14659,HEK 293
14660,U-2 OS
14661,RT4
14662,CACO-2
14663,HeLa
14664,RT4
14665,U-251 MG
14666,HeLa
14667,HeLa
14668,RT4
14669,HeLa
14670,RT4
14671,RT4
14672,RT4
14673,CACO-2
14674,MCF7
14675,MCF7
14676,HEK 293
14677,HEK 293
14678,MCF7
14679,RT4
14680,RT4
14681,U-251 MG
14682,CACO-2
14683,CACO-2
14684,U-2 OS
14685,HEK 293
14686,MCF7
14687,RT4
14688,U-2 OS
14689,HEK 293
14690,HEK 293
14691,CACO-2
14692,CACO-2
14693,CACO-2
14694,HeLa
14695,CACO-2
14696,HEK 293
14697,RT4
14698,MCF7
14699,HEK 293
14700,HEK 293
14701,RT4
14702,A549
14703,A549
14704,U-2 OS
14705,MCF7
14706,U-2 OS
14707,A549
14708,HEK 293
14709,MCF7
14710,PC-3
14711,HEK 293
14712,U-251 MG
14713,RT4
14714,U-251 MG
14715,HEK 293
14716,MCF7
14717,U-251 MG
14718,PC-3
14719,HeLa
14720,CACO-2
14721,U-251 MG
14722,HEK 293
14723,CACO-2
14724,RT4
14725,HEK 293
14726,HEK 293
14727,RT4
14728,U-251 MG
14729,MCF7
14730,HEK 293
14731,RT4
14732,HeLa
14733,RT4
14734,RT4
14735,RT4
14736,HeLa
14737,HEK 293
14738,CACO-2
14739,HEK 293
14740,RT4
14741,HEK 293
14742,HEK 293
14743,CACO-2
14744,U-2 OS
14745,CACO-2
14746,RT4
14747,A549
14748,RT4
14749,CACO-2
14750,A549
14751,U-2 OS
14752,MCF7
14753,HEK 293
14754,HEK 293
14755,PC-3
14756,U-251 MG
14757,RT4
14758,RT4
14759,RT4
14760,RT4
14761,U-251 MG
14762,RT4
14763,U-251 MG
14764,RT4
14765,HEK 293
14766,A549
14767,MCF7
14768,HEK 293
14769,RT4
14770,CACO-2
14771,MCF7
14772,HEK 293
14773,RT4
14774,CACO-2
14775,RT4
14776,HeLa
14777,HEK 293
14778,A549
14779,CACO-2
14780,U-2 OS
14781,RT4
14782,HEK 293
14783,RT4
14784,A549
14785,CACO-2
14786,HEK 293
14787,HeLa
14788,CACO-2
14789,CACO-2
14790,RT4
14791,A549
14792,U-2 OS
14793,PC-3
14794,HeLa
14795,MCF7
14796,A549
14797,HEK 293
14798,HeLa
14799,PC-3
14800,U-2 OS
14801,PC-3
14802,CACO-2
14803,MCF7
14804,U-251 MG
14805,RT4
14806,A549
14807,CACO-2
14808,A549
14809,U-251 MG
14810,U-251 MG
14811,CACO-2
14812,MCF7
14813,RT4
14814,RT4
14815,MCF7
14816,RT4
14817,HeLa
14818,HEK 293
14819,U-2 OS
14820,HeLa
14821,RT4
14822,A549
14823,RT4
14824,HeLa
14825,HEK 293
14826,RT4
14827,PC-3
14828,HEK 293
14829,U-251 MG
14830,A549
14831,PC-3
14832,CACO-2
14833,U-251 MG
14834,U-251 MG
14835,U-251 MG
14836,CACO-2
14837,RT4
14838,PC-3
14839,U-251 MG
14840,U-2 OS
14841,RT4
14842,U-2 OS
14843,U-251 MG
14844,CACO-2
14845,RT4
14846,RT4
14847,HeLa
14848,HEK 293
14849,U-251 MG
14850,RT4
14851,U-251 MG
14852,HEK 293
14853,RT4
14854,HEK 293
14855,A549
14856,RT4
14857,MCF7
14858,RT4
14859,HEK 293
14860,MCF7
14861,RT4
14862,HEK 293
14863,CACO-2
14864,RT4
14865,RT4
14866,A549
14867,U-251 MG
14868,PC-3
14869,RT4
14870,RT4
14871,RT4
14872,U-251 MG
14873,RT4
14874,HeLa
14875,CACO-2
14876,CACO-2
14877,HEK 293
14878,RT4
14879,RT4
14880,A549
14881,RT4
14882,CACO-2
14883,PC-3
14884,CACO-2
14885,A549
14886,A549
14887,PC-3
14888,HEK 293
14889,MCF7
14890,U-2 OS
14891,U-2 OS
14892,RT4
14893,CACO-2
14894,MCF7
14895,U-251 MG
14896,A549
14897,A549
14898,HeLa
14899,PC-3
14900,PC-3
14901,U-2 OS
14902,CACO-2
14903,HeLa
14904,RT4
14905,HEK 293
14906,HeLa
14907,MCF7
14908,CACO-2
14909,MCF7
14910,PC-3
14911,CACO-2
14912,A549
14913,PC-3
14914,CACO-2
14915,HEK 293
14916,HEK 293
14917,RT4
14918,U-2 OS
14919,CACO-2
14920,U-2 OS
14921,CACO-2
14922,RT4
14923,PC-3
14924,HEK 293
14925,HEK 293
14926,RT4
14927,RT4
14928,RT4
14929,RT4
14930,PC-3
14931,HeLa
14932,HeLa
14933,MCF7
14934,RT4
14935,CACO-2
14936,HeLa
14937,RT4
14938,HeLa
14939,RT4
14940,A549
14941,RT4
14942,CACO-2
14943,U-2 OS
14944,HEK 293
14945,U-2 OS
14946,U-251 MG
14947,RT4
14948,CACO-2
14949,HEK 293
14950,HEK 293
14951,CACO-2
14952,HeLa
14953,U-251 MG
14954,U-251 MG
14955,RT4
14956,RT4
14957,CACO-2
14958,U-2 OS
14959,U-251 MG
14960,CACO-2
14961,U-2 OS
14962,U-251 MG
14963,U-251 MG
14964,RT4
14965,HEK 293
14966,HeLa
14967,CACO-2
14968,HEK 293
14969,HEK 293
14970,CACO-2
14971,MCF7
14972,RT4
14973,U-2 OS
14974,PC-3
14975,HeLa
14976,RT4
14977,CACO-2
14978,RT4
14979,CACO-2
14980,U-2 OS
14981,A549
14982,CACO-2
14983,HEK 293
14984,RT4
14985,RT4
14986,CACO-2
14987,RT4
14988,MCF7
14989,RT4
14990,MCF7
14991,RT4
14992,RT4
14993,U-2 OS
14994,U-251 MG
14995,MCF7
14996,RT4
14997,U-2 OS
14998,RT4
14999,A549
15000,MCF7
15001,RT4
15002,HeLa
15003,CACO-2
15004,HEK 293
15005,U-251 MG
15006,CACO-2
15007,CACO-2
15008,MCF7
15009,PC-3
15010,A549
15011,MCF7
15012,CACO-2
15013,U-2 OS
15014,HeLa
15015,RT4
15016,A549
15017,MCF7
15018,PC-3
15019,HEK 293
15020,HEK 293
15021,RT4
15022,CACO-2
15023,HEK 293
15024,CACO-2
15025,U-2 OS
15026,RT4
15027,HEK 293
15028,RT4
15029,RT4
15030,U-251 MG
15031,A549
15032,RT4
15033,PC-3
15034,HeLa
15035,RT4
15036,CACO-2
15037,PC-3
15038,CACO-2
15039,CACO-2
15040,U-2 OS
15041,RT4
15042,RT4
15043,RT4
15044,RT4
15045,HEK 293
15046,CACO-2
15047,HEK 293
15048,U-2 OS
15049,PC-3
15050,RT4
15051,CACO-2
15052,HeLa
15053,MCF7
15054,PC-3
15055,HeLa
15056,CACO-2
15057,MCF7
15058,CACO-2
15059,RT4
15060,MCF7
15061,RT4
15062,U-251 MG
15063,A549
15064,RT4
15065,RT4
15066,RT4
15067,MCF7
15068,CACO-2
15069,RT4
15070,CACO-2
15071,HEK 293
15072,RT4
15073,RT4
15074,RT4
15075,RT4
15076,RT4
15077,PC-3
15078,CACO-2
15079,CACO-2
15080,HEK 293
15081,PC-3
15082,RT4
15083,PC-3
15084,U-2 OS
15085,RT4
15086,HeLa
15087,HEK 293
15088,U-2 OS
15089,CACO-2
15090,PC-3
15091,MCF7
15092,MCF7
15093,U-2 OS
15094,PC-3
15095,U-251 MG
15096,HEK 293
15097,MCF7
15098,RT4
15099,RT4
15100,A549
15101,HEK 293
15102,RT4
15103,MCF7
15104,U-251 MG
15105,CACO-2
15106,HeLa
15107,RT4
15108,CACO-2
15109,HeLa
15110,A549
15111,PC-3
15112,HEK 293
15113,CACO-2
15114,HEK 293
15115,CACO-2
15116,CACO-2
15117,CACO-2
15118,MCF7
15119,RT4
15120,CACO-2
15121,U-2 OS
15122,HEK 293
15123,RT4
15124,RT4
15125,U-2 OS
15126,HEK 293
15127,CACO-2
15128,CACO-2
15129,U-2 OS
15130,RT4
15131,U-251 MG
15132,U-2 OS
15133,RT4
15134,HeLa
15135,U-2 OS
15136,MCF7
15137,HEK 293
15138,RT4
15139,CACO-2
15140,CACO-2
15141,HeLa
15142,HEK 293
15143,MCF7
15144,RT4
15145,HeLa
15146,HeLa
15147,MCF7
15148,CACO-2
15149,HeLa
15150,MCF7
15151,U-251 MG
15152,HEK 293
15153,U-2 OS
15154,HEK 293
15155,U-2 OS
15156,U-251 MG
15157,U-2 OS
15158,HEK 293
15159,HeLa
15160,CACO-2
15161,CACO-2
15162,HeLa
15163,A549
15164,CACO-2
15165,HEK 293
15166,RT4
15167,RT4
15168,CACO-2
15169,RT4
15170,A549
15171,CACO-2
15172,PC-3
15173,U-251 MG
15174,MCF7
15175,HEK 293
15176,CACO-2
15177,HeLa
15178,HEK 293
15179,PC-3
15180,U-2 OS
15181,CACO-2
15182,U-251 MG
15183,RT4
15184,RT4
15185,RT4
15186,MCF7
15187,A549
15188,RT4
15189,RT4
15190,HEK 293
15191,RT4
15192,CACO-2
15193,RT4
15194,PC-3
15195,RT4
15196,A549
15197,MCF7
15198,RT4
15199,MCF7
15200,A549
15201,HEK 293
15202,MCF7
15203,MCF7
15204,MCF7
15205,HEK 293
15206,CACO-2
15207,MCF7
15208,HeLa
15209,HeLa
15210,CACO-2
15211,U-251 MG
15212,U-251 MG
15213,RT4
15214,U-2 OS
15215,U-251 MG
15216,HEK 293
15217,U-2 OS
15218,HeLa
15219,HEK 293
15220,HEK 293
15221,CACO-2
15222,HEK 293
15223,CACO-2
15224,U-2 OS
15225,HEK 293
15226,HEK 293
15227,HEK 293
15228,RT4
15229,MCF7
15230,CACO-2
15231,HEK 293
15232,RT4
15233,HEK 293
15234,U-251 MG
15235,PC-3
15236,MCF7
15237,HeLa
15238,A549
15239,PC-3
15240,RT4
15241,U-251 MG
15242,CACO-2
15243,MCF7
15244,HeLa
15245,RT4
15246,CACO-2
15247,RT4
15248,A549
15249,RT4
15250,RT4
15251,CACO-2
15252,U-2 OS
15253,U-2 OS
15254,U-2 OS
15255,HEK 293
15256,RT4
15257,PC-3
15258,CACO-2
15259,U-251 MG
15260,MCF7
15261,U-2 OS
15262,A549
15263,U-2 OS
15264,CACO-2
15265,CACO-2
15266,CACO-2
15267,A549
15268,HEK 293
15269,HeLa
15270,CACO-2
15271,CACO-2
15272,RT4
15273,CACO-2
15274,CACO-2
15275,MCF7
15276,RT4
15277,PC-3
15278,U-2 OS
15279,RT4
15280,CACO-2
15281,U-2 OS
15282,U-2 OS
15283,HeLa
15284,CACO-2
15285,RT4
15286,HEK 293
15287,RT4
15288,CACO-2
15289,CACO-2
15290,PC-3
15291,CACO-2
15292,HEK 293
15293,PC-3
15294,CACO-2
15295,MCF7
15296,CACO-2
15297,HEK 293
15298,HEK 293
15299,PC-3
15300,A549
15301,RT4
15302,HEK 293
15303,HEK 293
15304,RT4
15305,HeLa
15306,MCF7
15307,A549
15308,HEK 293
15309,MCF7
15310,CACO-2
15311,U-251 MG
15312,PC-3
15313,RT4
15314,PC-3
15315,HEK 293
15316,CACO-2
15317,CACO-2
15318,MCF7
15319,U-251 MG
15320,U-251 MG
15321,RT4
15322,A549
15323,CACO-2
15324,RT4
15325,CACO-2
15326,U-2 OS
15327,PC-3
15328,PC-3
15329,CACO-2
15330,CACO-2
15331,U-2 OS
15332,HEK 293
15333,MCF7
15334,PC-3
15335,CACO-2
15336,RT4
15337,MCF7
15338,RT4
15339,U-2 OS
15340,CACO-2
15341,RT4
15342,HEK 293
15343,RT4
15344,RT4
15345,CACO-2
15346,U-251 MG
15347,PC-3
15348,U-2 OS
15349,RT4
15350,MCF7
15351,HEK 293
15352,U-251 MG
15353,CACO-2
15354,PC-3
15355,RT4
15356,RT4
15357,CACO-2
15358,CACO-2
15359,PC-3
15360,HEK 293
15361,A549
15362,HEK 293
15363,RT4
15364,MCF7
15365,PC-3
15366,PC-3
15367,RT4
15368,A549
15369,RT4
15370,RT4
15371,MCF7
15372,U-251 MG
15373,PC-3
15374,CACO-2
15375,HeLa
15376,MCF7
15377,MCF7
15378,PC-3
15379,RT4
15380,RT4
15381,MCF7
15382,HeLa
15383,HeLa
15384,HeLa
15385,MCF7
15386,HEK 293
15387,HEK 293
15388,CACO-2
15389,HEK 293
15390,A549
15391,U-2 OS
15392,U-2 OS
15393,CACO-2
15394,HEK 293
15395,CACO-2
15396,RT4
15397,A549
15398,RT4
15399,HeLa
15400,RT4
15401,HEK 293
15402,MCF7
15403,U-251 MG
15404,CACO-2
15405,CACO-2
15406,CACO-2
15407,PC-3
15408,RT4
15409,U-2 OS
15410,PC-3
15411,RT4
15412,HeLa
15413,RT4
15414,MCF7
15415,CACO-2
15416,MCF7
15417,PC-3
15418,RT4
15419,RT4
15420,U-251 MG
15421,HEK 293
15422,RT4
15423,U-251 MG
15424,U-251 MG
15425,U-2 OS
15426,RT4
15427,MCF7
15428,MCF7
15429,HEK 293
15430,A549
15431,CACO-2
15432,MCF7
15433,HeLa
15434,CACO-2
15435,CACO-2
15436,CACO-2
15437,HEK 293
15438,CACO-2
15439,RT4
15440,MCF7
15441,PC-3
15442,CACO-2
15443,CACO-2
15444,MCF7
15445,CACO-2
15446,HEK 293
15447,RT4
15448,U-2 OS
15449,MCF7
15450,CACO-2
15451,HEK 293
15452,RT4
15453,MCF7
15454,CACO-2
15455,HeLa
15456,MCF7
15457,U-2 OS
15458,U-251 MG
15459,RT4
15460,CACO-2
15461,U-251 MG
15462,CACO-2
15463,A549
15464,PC-3
15465,MCF7
15466,CACO-2
15467,RT4
15468,RT4
15469,PC-3
15470,HeLa
15471,CACO-2
15472,CACO-2
15473,CACO-2
15474,HEK 293
15475,HEK 293
15476,MCF7
15477,CACO-2
15478,CACO-2
15479,HEK 293
15480,U-251 MG
15481,CACO-2
15482,RT4
15483,HEK 293
15484,MCF7
15485,MCF7
15486,RT4
15487,RT4
15488,RT4
15489,RT4
15490,PC-3
15491,CACO-2
15492,HEK 293
15493,HEK 293
15494,RT4
15495,MCF7
15496,CACO-2
15497,HEK 293
15498,U-2 OS
15499,CACO-2
15500,U-2 OS
15501,HeLa
15502,MCF7
15503,RT4
15504,U-251 MG
15505,MCF7
15506,RT4
15507,RT4
15508,U-2 OS
15509,U-251 MG
15510,MCF7
15511,CACO-2
15512,RT4
15513,PC-3
15514,CACO-2
15515,CACO-2
15516,U-2 OS
15517,HeLa
15518,U-2 OS
15519,RT4
15520,HeLa
15521,HEK 293
15522,HEK 293
15523,CACO-2
15524,RT4
15525,A549
15526,HEK 293
15527,RT4
15528,MCF7
15529,MCF7
15530,CACO-2
15531,MCF7
15532,U-251 MG
15533,MCF7
15534,HEK 293
15535,HeLa
15536,A549
15537,HeLa
15538,MCF7
15539,HeLa
15540,HEK 293
15541,CACO-2
15542,RT4
15543,HeLa
15544,RT4
15545,U-2 OS
15546,RT4
15547,HeLa
15548,HEK 293
15549,HEK 293
15550,MCF7
15551,MCF7
15552,CACO-2
15553,MCF7
15554,HEK 293
15555,RT4
15556,HEK 293
15557,RT4
15558,MCF7
15559,RT4
15560,A549
15561,RT4
15562,HEK 293
15563,HeLa
15564,HeLa
15565,HEK 293
15566,CACO-2
15567,HeLa
15568,CACO-2
15569,MCF7
15570,PC-3
15571,PC-3
15572,U-251 MG
15573,MCF7
15574,RT4
15575,HeLa
15576,HEK 293
15577,CACO-2
15578,MCF7
15579,RT4
15580,HEK 293
15581,HEK 293
15582,U-251 MG
15583,U-2 OS
15584,HEK 293
15585,U-251 MG
15586,RT4
15587,HEK 293
15588,PC-3
15589,MCF7
15590,HEK 293
15591,RT4
15592,HeLa
15593,RT4
15594,MCF7
15595,U-2 OS
15596,A549
15597,CACO-2
15598,HEK 293
15599,HEK 293
15600,HEK 293
15601,U-251 MG
15602,U-251 MG
15603,CACO-2
15604,MCF7
15605,RT4
15606,U-251 MG
15607,RT4
15608,PC-3
15609,RT4
15610,U-251 MG
15611,HEK 293
15612,U-251 MG
15613,HEK 293
15614,CACO-2
15615,RT4
15616,U-251 MG
15617,MCF7
15618,RT4
15619,A549
15620,U-251 MG
15621,HEK 293
15622,HeLa
15623,RT4
15624,HeLa
15625,MCF7
15626,MCF7
15627,CACO-2
15628,RT4
15629,RT4
15630,RT4
15631,A549
15632,RT4
15633,A549
15634,CACO-2
15635,PC-3
15636,U-251 MG
15637,RT4
15638,HEK 293
15639,U-2 OS
15640,A549
15641,HeLa
15642,U-251 MG
15643,CACO-2
15644,HeLa
15645,RT4
15646,CACO-2
15647,RT4
15648,RT4
15649,RT4
15650,CACO-2
15651,PC-3
15652,CACO-2
15653,CACO-2
15654,RT4
15655,RT4
15656,CACO-2
15657,CACO-2
15658,RT4
15659,RT4
15660,RT4
15661,CACO-2
15662,RT4
15663,RT4
15664,HEK 293
15665,PC-3
15666,HEK 293
15667,RT4
15668,U-251 MG
15669,RT4
15670,U-2 OS
15671,HEK 293
15672,HEK 293
15673,U-2 OS
15674,MCF7
15675,MCF7
15676,MCF7
15677,RT4
15678,CACO-2
15679,RT4
15680,MCF7
15681,U-2 OS
15682,HEK 293
15683,CACO-2
15684,CACO-2
15685,U-2 OS
15686,HEK 293
15687,U-251 MG
15688,CACO-2
15689,CACO-2
15690,RT4
15691,CACO-2
15692,RT4
15693,RT4
15694,U-2 OS
15695,CACO-2
15696,U-2 OS
15697,HEK 293
15698,CACO-2
15699,CACO-2
15700,PC-3
15701,HeLa
15702,PC-3
15703,CACO-2
15704,RT4
15705,RT4
15706,A549
15707,CACO-2
15708,MCF7
15709,U-2 OS
15710,CACO-2
15711,MCF7
15712,U-2 OS
15713,RT4
15714,HeLa
15715,A549
15716,HEK 293
15717,HEK 293
15718,U-251 MG
15719,CACO-2
15720,HEK 293
15721,HeLa
15722,PC-3
15723,A549
15724,RT4
15725,HEK 293
15726,RT4
15727,U-251 MG
15728,U-2 OS
15729,CACO-2
15730,PC-3
15731,RT4
15732,HEK 293
15733,PC-3
15734,HEK 293
15735,U-2 OS
15736,RT4
15737,MCF7
15738,HEK 293
15739,RT4
15740,U-2 OS
15741,U-251 MG
15742,RT4
15743,U-2 OS
15744,PC-3
15745,U-2 OS
15746,MCF7
15747,RT4
15748,CACO-2
15749,RT4
15750,U-251 MG
15751,U-2 OS
15752,MCF7
15753,U-251 MG
15754,PC-3
15755,CACO-2
15756,U-251 MG
15757,CACO-2
15758,RT4
15759,RT4
15760,RT4
15761,RT4
15762,A549
15763,U-251 MG
15764,HeLa
15765,CACO-2
15766,CACO-2
15767,CACO-2
15768,HEK 293
15769,MCF7
15770,HeLa
15771,PC-3
15772,A549
15773,CACO-2
15774,HEK 293
15775,A549
15776,A549
15777,HeLa
15778,HEK 293
15779,RT4
15780,RT4
15781,CACO-2
15782,CACO-2
15783,CACO-2
15784,MCF7
15785,U-2 OS
15786,RT4
15787,U-251 MG
15788,HEK 293
15789,RT4
15790,A549
15791,CACO-2
15792,MCF7
15793,HEK 293
15794,MCF7
15795,MCF7
15796,MCF7
15797,RT4
15798,A549
15799,RT4
15800,HeLa
15801,RT4
15802,CACO-2
15803,CACO-2
15804,U-251 MG
15805,RT4
15806,U-251 MG
15807,U-2 OS
15808,RT4
15809,CACO-2
15810,HeLa
15811,A549
15812,RT4
15813,RT4
15814,HEK 293
15815,RT4
15816,A549
15817,HeLa
15818,HeLa
15819,RT4
15820,HEK 293
15821,U-251 MG
15822,HEK 293
15823,CACO-2
15824,HEK 293
15825,CACO-2
15826,RT4
15827,RT4
15828,CACO-2
15829,MCF7
15830,HEK 293
15831,PC-3
15832,A549
15833,HEK 293
15834,CACO-2
15835,PC-3
15836,CACO-2
15837,MCF7
15838,HEK 293
15839,MCF7
15840,MCF7
15841,RT4
15842,RT4
15843,CACO-2
15844,HEK 293
15845,MCF7
15846,RT4
15847,U-251 MG
15848,RT4
15849,PC-3
15850,U-2 OS
15851,PC-3
15852,U-251 MG
15853,HEK 293
15854,PC-3
15855,CACO-2
15856,RT4
15857,RT4
15858,A549
15859,PC-3
15860,MCF7
15861,RT4
15862,U-251 MG
15863,HeLa
15864,HEK 293
15865,U-251 MG
15866,HEK 293
15867,HEK 293
15868,U-251 MG
15869,A549
15870,CACO-2
15871,HEK 293
15872,MCF7
15873,HEK 293
15874,CACO-2
15875,CACO-2
15876,RT4
15877,CACO-2
15878,HEK 293
15879,CACO-2
15880,PC-3
15881,U-251 MG
15882,U-2 OS
15883,HEK 293
15884,U-251 MG
15885,MCF7
15886,RT4
15887,CACO-2
15888,RT4
15889,U-251 MG
15890,RT4
15891,CACO-2
15892,HEK 293
15893,RT4
15894,PC-3
15895,HEK 293
15896,CACO-2
15897,HEK 293
15898,RT4
15899,HEK 293
15900,MCF7
15901,CACO-2
15902,HEK 293
15903,U-251 MG
15904,MCF7
15905,U-2 OS
15906,MCF7
15907,A549
15908,U-251 MG
15909,U-2 OS
15910,CACO-2
15911,MCF7
15912,A549
15913,HeLa
15914,MCF7
15915,CACO-2
15916,RT4
15917,PC-3
15918,HEK 293
15919,RT4
15920,PC-3
15921,CACO-2
15922,U-2 OS
15923,CACO-2
15924,RT4
15925,HEK 293
15926,RT4
15927,A549
15928,HeLa
15929,U-251 MG
15930,A549
15931,U-2 OS
15932,U-2 OS
15933,HEK 293
15934,CACO-2
15935,CACO-2
15936,U-2 OS
15937,HeLa
15938,RT4
15939,MCF7
15940,U-251 MG
15941,A549
15942,RT4
15943,HEK 293
15944,RT4
15945,HEK 293
15946,MCF7
15947,U-251 MG
15948,U-2 OS
15949,RT4
15950,RT4
15951,MCF7
15952,U-251 MG
15953,CACO-2
15954,HEK 293
15955,CACO-2
15956,HEK 293
15957,HEK 293
15958,HEK 293
15959,RT4
15960,RT4
15961,PC-3
15962,MCF7
15963,U-2 OS
15964,HEK 293
15965,U-251 MG
15966,CACO-2
15967,RT4
15968,RT4
15969,U-251 MG
15970,HEK 293
15971,RT4
15972,HEK 293
15973,HeLa
15974,A549
15975,MCF7
15976,U-2 OS
15977,RT4
15978,RT4
15979,MCF7
15980,CACO-2
15981,HEK 293
15982,U-251 MG
15983,HEK 293
15984,RT4
15985,CACO-2
15986,HEK 293
15987,RT4
15988,CACO-2
15989,RT4
15990,CACO-2
15991,U-2 OS
15992,PC-3
15993,MCF7
15994,CACO-2
15995,RT4
15996,CACO-2
15997,RT4
15998,RT4
15999,U-251 MG
16000,U-2 OS
16001,RT4
16002,CACO-2
16003,U-2 OS
16004,PC-3
16005,CACO-2
16006,CACO-2
16007,U-2 OS
16008,U-2 OS
16009,CACO-2
16010,HEK 293
16011,MCF7
16012,HEK 293
16013,MCF7
16014,HeLa
16015,U-2 OS
16016,HeLa
16017,U-251 MG
16018,PC-3
16019,RT4
16020,HEK 293
16021,HEK 293
16022,RT4
16023,U-2 OS
16024,U-2 OS
16025,HEK 293
16026,RT4
16027,RT4
16028,HEK 293
16029,MCF7
16030,U-251 MG
16031,CACO-2
16032,MCF7
16033,CACO-2
16034,MCF7
16035,U-2 OS
16036,U-2 OS
16037,RT4
16038,RT4
16039,HeLa
16040,MCF7
16041,U-2 OS
16042,CACO-2
16043,CACO-2
16044,CACO-2
16045,CACO-2
16046,U-251 MG
16047,HeLa
16048,A549
16049,RT4
16050,HeLa
16051,MCF7
16052,MCF7
16053,U-251 MG
16054,U-2 OS
16055,CACO-2
16056,RT4
16057,U-251 MG
16058,MCF7
16059,CACO-2
16060,CACO-2
16061,CACO-2
16062,RT4
16063,A549
16064,U-2 OS
16065,A549
16066,HEK 293
16067,PC-3
16068,RT4
16069,RT4
16070,RT4
16071,U-2 OS
16072,CACO-2
16073,HEK 293
16074,RT4
16075,HEK 293
16076,U-251 MG
16077,HEK 293
16078,PC-3
16079,U-251 MG
16080,U-251 MG
16081,RT4
16082,CACO-2
16083,HeLa
16084,PC-3
16085,PC-3
16086,U-251 MG
16087,RT4
16088,RT4
16089,RT4
16090,RT4
16091,RT4
16092,CACO-2
16093,CACO-2
16094,HeLa
16095,MCF7
16096,MCF7
16097,RT4
16098,MCF7
16099,HEK 293
16100,U-251 MG
16101,MCF7
16102,CACO-2
16103,RT4
16104,A549
16105,RT4
16106,U-251 MG
16107,RT4
16108,RT4
16109,RT4
16110,MCF7
16111,PC-3
16112,RT4
16113,U-2 OS
16114,HeLa
16115,CACO-2
16116,CACO-2
16117,HeLa
16118,HeLa
16119,PC-3
16120,RT4
16121,RT4
16122,HeLa
16123,MCF7
16124,CACO-2
16125,RT4
16126,PC-3
16127,HEK 293
16128,U-2 OS
16129,CACO-2
16130,HEK 293
16131,U-2 OS
16132,MCF7
16133,RT4
16134,HEK 293
16135,CACO-2
16136,RT4
16137,HEK 293
16138,RT4
16139,RT4
16140,CACO-2
16141,MCF7
16142,HeLa
16143,HEK 293
16144,U-251 MG
16145,HEK 293
16146,HEK 293
16147,RT4
16148,HEK 293
16149,A549
16150,U-251 MG
16151,MCF7
16152,HEK 293
16153,MCF7
16154,HEK 293
16155,HEK 293
16156,HeLa
16157,RT4
16158,HEK 293
16159,RT4
16160,CACO-2
16161,CACO-2
16162,RT4
16163,CACO-2
16164,CACO-2
16165,CACO-2
16166,CACO-2
16167,CACO-2
16168,HEK 293
16169,HeLa
16170,MCF7
16171,RT4
16172,U-2 OS
16173,A549
16174,RT4
16175,RT4
16176,CACO-2
16177,PC-3
16178,HEK 293
16179,CACO-2
16180,A549
16181,CACO-2
16182,HEK 293
16183,U-2 OS
16184,HEK 293
16185,CACO-2
16186,MCF7
16187,MCF7
16188,CACO-2
16189,MCF7
16190,RT4
16191,CACO-2
16192,RT4
16193,A549
16194,PC-3
16195,U-251 MG
16196,U-251 MG
16197,U-2 OS
16198,HEK 293
16199,CACO-2
16200,HeLa
16201,CACO-2
16202,U-251 MG
16203,HEK 293
16204,HEK 293
16205,U-2 OS
16206,HeLa
16207,RT4
16208,RT4
16209,CACO-2
16210,RT4
16211,U-251 MG
16212,A549
16213,A549
16214,A549
16215,CACO-2
16216,CACO-2
16217,HEK 293
16218,CACO-2
16219,MCF7
16220,HeLa
16221,RT4
16222,U-2 OS
16223,RT4
16224,RT4
16225,CACO-2
16226,HEK 293
16227,A549
16228,HeLa
16229,CACO-2
16230,A549
16231,RT4
16232,CACO-2
16233,CACO-2
16234,CACO-2
16235,HEK 293
16236,HEK 293
16237,CACO-2
16238,HEK 293
16239,RT4
16240,CACO-2
16241,CACO-2
16242,HEK 293
16243,RT4
16244,RT4
16245,A549
16246,RT4
16247,PC-3
16248,RT4
16249,RT4
16250,A549
16251,CACO-2
16252,U-2 OS
16253,MCF7
16254,RT4
16255,HEK 293
16256,MCF7
16257,RT4
16258,HEK 293
16259,HEK 293
16260,U-2 OS
16261,RT4
16262,RT4
16263,RT4
16264,HEK 293
16265,MCF7
16266,RT4
16267,HeLa
16268,RT4
16269,CACO-2
16270,CACO-2
16271,CACO-2
16272,RT4
16273,CACO-2
16274,RT4
16275,U-2 OS
16276,MCF7
16277,HEK 293
16278,U-2 OS
16279,HEK 293
16280,A549
16281,RT4
16282,HEK 293
16283,U-2 OS
16284,HeLa
16285,RT4
16286,MCF7
16287,HEK 293
16288,HEK 293
16289,RT4
16290,HeLa
16291,HEK 293
16292,HEK 293
16293,HEK 293
16294,MCF7
16295,U-2 OS
16296,CACO-2
16297,U-2 OS
16298,HeLa
16299,HeLa
16300,HeLa
16301,RT4
16302,RT4
16303,RT4
16304,U-2 OS
16305,MCF7
16306,CACO-2
16307,CACO-2
16308,RT4
16309,RT4
16310,CACO-2
16311,PC-3
16312,RT4
16313,PC-3
16314,U-251 MG
16315,A549
16316,RT4
16317,MCF7
16318,HEK 293
16319,RT4
16320,U-2 OS
16321,HeLa
16322,A549
16323,U-2 OS
16324,A549
16325,RT4
16326,CACO-2
16327,HeLa
16328,RT4
16329,PC-3
16330,A549
16331,CACO-2
16332,RT4
16333,RT4
16334,RT4
16335,RT4
16336,HEK 293
16337,HEK 293
16338,RT4
16339,U-2 OS
16340,A549
16341,CACO-2
16342,RT4
16343,U-2 OS
16344,PC-3
16345,CACO-2
16346,U-2 OS
16347,U-251 MG
16348,HeLa
16349,U-2 OS
16350,U-251 MG
16351,MCF7
16352,A549
16353,U-251 MG
16354,CACO-2
16355,CACO-2
16356,HEK 293
16357,HeLa
16358,A549
16359,HEK 293
16360,CACO-2
16361,U-2 OS
16362,U-2 OS
16363,CACO-2
16364,CACO-2
16365,HEK 293
16366,RT4
16367,MCF7
16368,RT4
16369,CACO-2
16370,HEK 293
16371,MCF7
16372,RT4
16373,RT4
16374,RT4
16375,PC-3
16376,MCF7
16377,RT4
16378,MCF7
16379,U-2 OS
16380,HeLa
16381,HeLa
16382,HEK 293
16383,HEK 293
16384,HEK 293
16385,PC-3
16386,HeLa
16387,HEK 293
16388,CACO-2
16389,U-2 OS
16390,CACO-2
16391,A549
16392,PC-3
16393,HEK 293
16394,U-251 MG
16395,CACO-2
16396,CACO-2
16397,A549
16398,A549
16399,MCF7
16400,RT4
16401,A549
16402,RT4
16403,MCF7
16404,HeLa
16405,PC-3
16406,CACO-2
16407,CACO-2
16408,PC-3
16409,CACO-2
16410,RT4
16411,HEK 293
16412,CACO-2
16413,MCF7
16414,PC-3
16415,MCF7
16416,PC-3
16417,HEK 293
16418,HEK 293
16419,CACO-2
16420,RT4
16421,CACO-2
16422,PC-3
16423,HEK 293
16424,RT4
16425,RT4
16426,RT4
16427,CACO-2
16428,U-251 MG
16429,U-2 OS
16430,RT4
16431,U-251 MG
16432,CACO-2
16433,PC-3
16434,RT4
16435,MCF7
16436,U-2 OS
16437,U-251 MG
16438,PC-3
16439,HEK 293
16440,U-2 OS
16441,HEK 293
16442,HEK 293
16443,RT4
16444,PC-3
16445,PC-3
16446,RT4
16447,U-2 OS
16448,HEK 293
16449,RT4
16450,MCF7
16451,U-251 MG
16452,MCF7
16453,CACO-2
16454,PC-3
16455,PC-3
16456,MCF7
16457,CACO-2
16458,CACO-2
16459,A549
16460,A549
16461,RT4
16462,U-2 OS
16463,MCF7
16464,PC-3
16465,MCF7
16466,U-2 OS
16467,U-251 MG
16468,RT4
16469,U-2 OS
16470,HeLa
16471,MCF7
16472,A549
16473,HEK 293
16474,HeLa
16475,CACO-2
16476,HeLa
16477,PC-3
16478,RT4
16479,CACO-2
16480,U-251 MG
16481,RT4
16482,HEK 293
16483,RT4
16484,RT4
16485,CACO-2
16486,PC-3
16487,CACO-2
16488,HEK 293
16489,RT4
16490,MCF7
16491,CACO-2
16492,HEK 293
16493,CACO-2
16494,MCF7
16495,HEK 293
16496,MCF7
16497,CACO-2
16498,MCF7
16499,RT4
16500,MCF7
16501,A549
